UBIGEO,DEPARTAMENTO,PROVINCIA,DISTRITO,CATEGORIA,
10101,AMAZONAS,CHACHAPOYAS,CHACHAPOYAS,A,
10201,AMAZONAS,BAGUA,BAGUA,A,
10701,AMAZONAS,UTCUBAMBA,UTCUBAMBA -BAGUA GRANDE,A,
20101,ANCASH,HUARAZ,HUARAZ,A,
20801,ANCASH,CASMA,CASMA,A,
21101,ANCASH,HUARMEY,HUARMEY,A,
21801,ANCASH,SANTA,SANTA -CHIMBOTE,A,
30101,APURIMAC,ABANCAY,ABANCAY,A,
30201,APURIMAC,ANDAHUAYLAS,ANDAHUAYLAS,A,
40101,AREQUIPA,AREQUIPA,AREQUIPA,A,
40701,AREQUIPA,ISLAY,ISLAY -MOLLENDO,A,
50101,AYACUCHO,HUAMANGA,HUAMANGA - AYACUCHO,A,
50401,AYACUCHO,HUANTA,HUANTA,A,
60101,CAJAMARCA,CAJAMARCA,CAJAMARCA,A,
60401,CAJAMARCA,CHOTA,CHOTA,A,
60601,CAJAMARCA,CUTERVO,CUTERVO,A,
60801,CAJAMARCA,JAEN,JAEN,A,
70101,PROV.,PROV.CONSTITUCIONAL DEL CALLAO,CALLAO,A,
80101,CUSCO,CUSCO,CUSCO,A,
80601,CUSCO,CANCHIS,CANCHIS -SICUANI,A,
80801,CUSCO,ESPINAR,ESPINAR,A,
80901,CUSCO,LA CONVENCION,LA CONVENCION - SANTA ANA,A,
90101,HUANCAVELICA,HUANCAVELICA,HUANCAVELICA,A,
100101,HUANUCO,HUANUCO,HUANUCO,A,
100601,HUANUCO,LEONCIO PRADO,LEONCIO PRADO - RUPA-RUPA,A,
110101,ICA,ICA,ICA,A,
110201,ICA,CHINCHA,CHINCHA -CHINCHA ALTA,A,
110301,ICA,NASCA,NASCA,A,
110501,ICA,PISCO,PISCO,A,
120101,JUNIN,HUANCAYO,HUANCAYO,A,
120301,JUNIN,CHANCHAMAYO,CHANCHAMAYO,A,
120401,JUNIN,JAUJA,JAUJA,A,
120601,JUNIN,SATIPO,SATIPO,A,
120701,JUNIN,TARMA,TARMA,A,
120801,JUNIN,YAULI,YAULI -LA OROYA,A,
120901,JUNIN,CHUPACA,CHUPACA,A,
130101,LA LIBERTAD,TRUJILLO,TRUJILLO,A,
130401,LA LIBERTAD,CHEPEN,CHEPEN,A,
130901,LA LIBERTAD,SANCHEZ CARRION,SANCHEZ CARRION - HUAMACHUCO,A,
131201,LA LIBERTAD,VIRU,VIRU,A,
140101,LAMBAYEQUE,CHICLAYO,CHICLAYO,A,
140201,LAMBAYEQUE,FERREÑAFE,FERREÑAFE,A,
140301,LAMBAYEQUE,LAMBAYEQUE,LAMBAYEQUE,A,
150101,LIMA,LIMA,MUNICIPALIDAD METROPOLITANA DE,A,
150201,LIMA,BARRANCA,BARRANCA,A,
150501,LIMA,CAÑETE,CAÑETE -SAN VICENTE DE CAÑETE,A,
150601,LIMA,HUARAL,HUARAL,A,
150801,LIMA,HUAURA,HUAURA -HUACHO,A,
160101,LORETO,MAYNAS,MAYNAS -IQUITOS,A,
160201,LORETO,ALTO AMAZONAS,ALTO AMAZONAS - YURIMAGUAS,A,
160501,LORETO,REQUENA,REQUENA,A,
170101,MADRE DE DIOS,TAMBOPATA,TAMBOPATA,A,
180101,MOQUEGUA,MARISCAL NIETO,MARISCAL NIETO - MOQUEGUA,A,
180301,MOQUEGUA,ILO,ILO,A,
190101,PASCO,PASCO,PASCO - CHAUPIMARCA,A,
200101,PIURA,PIURA,PIURA,A,
200401,PIURA,MORROPON,MORROPON - CHULUCANAS,A,
200501,PIURA,PAITA,PAITA,A,
200601,PIURA,SULLANA,SULLANA,A,
200701,PIURA,TALARA,TALARA -PARIÑAS,A,
200801,PIURA,SECHURA,SECHURA,A,
210101,PUNO,PUNO,PUNO,A,
210201,PUNO,AZANGARO,AZANGARO,A,
210501,PUNO,EL COLLAO,EL COLLAO -ILAVE,A,
210801,PUNO,MELGAR,MELGAR -AYAVIRI,A,
211101,PUNO,SAN ROMAN,SAN ROMAN -JULIACA,A,
220101,SAN MARTIN,MOYOBAMBA,MOYOBAMBA,A,
220601,SAN MARTIN,MARISCAL CACERES,MARISCAL CACERES - JUANJUI,A,
220801,SAN MARTIN,RIOJA,RIOJA,A,
220901,SAN MARTIN,SAN MARTIN,SAN MARTIN - TARAPOTO,A,
230101,TACNA,TACNA,TACNA,A,
240101,TUMBES,TUMBES,TUMBES,A,
240301,TUMBES,ZARUMILLA,ZARUMILLA,A,
250101,UCAYALI,CORONEL PORTILLO,CORONEL PORTILLO - CALLARIA,A,
10301,AMAZONAS,BONGARA,BONGARA -JUMBILLA,B,
10401,AMAZONAS,CONDORCANQUI,CONDORCANQUI - NIEVA,B,
10501,AMAZONAS,LUYA,LUYA -LAMUD,B,
10601,AMAZONAS,RODRIGUEZ DE MENDOZA,RODRIGUEZ DE MENDOZA -SAN,B,
20201,ANCASH,AIJA,AIJA,B,
20301,ANCASH,ANTONIO RAIMONDI,ANTONIO RAYMONDI - LLAMELLIN,B,
20401,ANCASH,ASUNCION,ASUNCION -CHACAS,B,
20501,ANCASH,BOLOGNESI,BOLOGNESI - CHIQUIAN,B,
20601,ANCASH,CARHUAZ,CARHUAZ,B,
20701,ANCASH,CARLOS FERMIN FITZCARRALD,CARLOS F. FITZCARRALD -SAN,B,
20901,ANCASH,CORONGO,CORONGO,B,
21001,ANCASH,HUARI,HUARI,B,
21201,ANCASH,HUAYLAS,HUAYLAS -CARAZ,B,
21301,ANCASH,MARISCAL LUZURIAGA,MARISCAL LUZURIAGA -,B,
21401,ANCASH,OCROS,OCROS,B,
21501,ANCASH,PALLASCA,PALLASCA -CABANA,B,
21601,ANCASH,POMABAMBA,POMABAMBA,B,
21701,ANCASH,RECUAY,RECUAY,B,
21901,ANCASH,SIHUAS,SIHUAS,B,
22001,ANCASH,YUNGAY,YUNGAY,B,
30301,APURIMAC,ANTABAMBA,ANTABAMBA,B,
30401,APURIMAC,AYMARAES,AYMARAES - CHALHUANCA,B,
30501,APURIMAC,COTABAMBAS,COTABAMBAS - TAMBOBAMBA,B,
30601,APURIMAC,CHINCHEROS,CHINCHEROS,B,
30701,APURIMAC,GRAU,GRAU - CHUQUIBAMBILLA,B,
40201,AREQUIPA,CAMANA,CAMANA,B,
40301,AREQUIPA,CARAVELI,CARAVELI,B,
40401,AREQUIPA,CASTILLA,CASTILLA -APLAO,B,
40501,AREQUIPA,CAYLLOMA,CAYLLOMA -CHIVAY,B,
40601,AREQUIPA,CONDESUYOS,CONDESUYOS - CHUQUIBAMBA,B,
40801,AREQUIPA,LA UNION,LA UNION - COTAHUASI,B,
50201,AYACUCHO,CANGALLO,CANGALLO,B,
50301,AYACUCHO,HUANCA SANCOS,HUANCA SANCOS - SANCOS,B,
50501,AYACUCHO,LA MAR,LA MAR -SAN MIGUEL,B,
50601,AYACUCHO,LUCANAS,LUCANAS -PUQUIO,B,
50701,AYACUCHO,PARINACOCHAS,PARINACOCHAS - CORACORA,B,
50801,AYACUCHO,PAUCAR DEL SARA SARA,PAUCAR DEL SARA SARA -PAUSA,B,
50901,AYACUCHO,SUCRE,SUCRE - QUEROBAMBA,B,
51001,AYACUCHO,VICTOR FAJARDO,VICTOR FAJARDO - HUANCAPI,B,
51101,AYACUCHO,VILCAS HUAMAN,VILCAS HUAMAN,B,
60201,CAJAMARCA,CAJABAMBA,CAJABAMBA,B,
60301,CAJAMARCA,CELENDIN,CELENDIN,B,
60501,CAJAMARCA,CONTUMAZA,CONTUMAZA,B,
60701,CAJAMARCA,HUALGAYOC,HUALGAYOC - BAMBAMARCA,B,
60901,CAJAMARCA,SAN IGNACIO,SAN IGNACIO,B,
61001,CAJAMARCA,SAN MARCOS,SAN MARCOS -PEDRO GALVEZ,B,
61101,CAJAMARCA,SAN MIGUEL,SAN MIGUEL,B,
61201,CAJAMARCA,SAN PABLO,SAN PABLO,B,
61301,CAJAMARCA,SANTA CRUZ,SANTA CRUZ,B,
80201,CUSCO,ACOMAYO,ACOMAYO,B,
80301,CUSCO,ANTA,ANTA,B,
80401,CUSCO,CALCA,CALCA,B,
80501,CUSCO,CANAS,CANAS -YANAOCA,B,
80701,CUSCO,CHUMBIVILCAS,CHUMBIVILCAS - SANTO TOMAS,B,
81001,CUSCO,PARURO,PARURO,B,
81101,CUSCO,PAUCARTAMBO,PAUCARTAMBO,B,
81201,CUSCO,QUISPICANCHIS,QUISPICANCHI - URCOS,B,
81301,CUSCO,URUBAMBA,URUBAMBA,B,
90201,HUANCAVELICA,ACOBAMBA,ACOBAMBA,B,
90301,HUANCAVELICA,ANGARAES,ANGARAES -LIRCAY,B,
90401,HUANCAVELICA,CASTROVIRREYNA,CASTROVIRREYNA,B,
90501,HUANCAVELICA,CHURCAMPA,CHURCAMPA,B,
90601,HUANCAVELICA,HUAYTARA,HUAYTARA,B,
90701,HUANCAVELICA,TAYACAJA,TAYACAJA -PAMPAS,B,
100201,HUANUCO,AMBO,AMBO,B,
100301,HUANUCO,DOS DE MAYO,DOS DE MAYO -LA UNION,B,
100401,HUANUCO,HUACAYBAMBA,HUACAYBAMBA,B,
100501,HUANUCO,HUAMALIES,HUAMALIES -LLATA,B,
100701,HUANUCO,MARAÑON,MARAÑON - HUACRACHUCO,B,
100801,HUANUCO,PACHITEA,PACHITEA -PANAO,B,
100901,HUANUCO,PUERTO INCA,PUERTO INCA,B,
101001,HUANUCO,LAURICOCHA,LAURICOCHA -JESUS,B,
101101,HUANUCO,YAROWILCA,YAROWILCA - CHAVINILLO,B,
110401,ICA,PALPA,PALPA,B,
120201,JUNIN,CONCEPCION,CONCEPCION,B,
120501,JUNIN,JUNIN,JUNIN,B,
130201,LA LIBERTAD,ASCOPE,ASCOPE,B,
130301,LA LIBERTAD,BOLIVAR,BOLIVAR,B,
130501,LA LIBERTAD,JULCAN,JULCAN,B,
130601,LA LIBERTAD,OTUZCO,OTUZCO,B,
130701,LA LIBERTAD,PACASMAYO,PACASMAYO -SAN PEDRO DE LLOC,B,
130801,LA LIBERTAD,PATAZ,PATAZ -TAYABAMBA,B,
131001,LA LIBERTAD,SANTIAGO DE CHUCO,SANTIAGO DE CHUCO,B,
131101,LA LIBERTAD,GRAN CHIMU,GRAN CHIMU - CASCAS,B,
150301,LIMA,CAJATAMBO,CAJATAMBO,B,
150401,LIMA,CANTA,CANTA,B,
150701,LIMA,HUAROCHIRI,HUAROCHIRI - MATUCANA,B,
150901,LIMA,OYON,OYON,B,
151001,LIMA,YAUYOS,YAUYOS,B,
160301,LORETO,LORETO,LORETO -NAUTA,B,
160401,LORETO,MARISCAL RAMON CASTILLA,MARISCAL RAMON CASTILLA -RAMON,B,
160601,LORETO,UCAYALI,UCAYALI - CONTAMANA,B,
160701,LORETO,DATEM DEL MARAÑON,DATEM DEL MARAÑON,B,
160801,LORETO,PUTUMAYO,PUTUMAYO,B,
170201,MADRE DE DIOS,MANU,MANU,B,
170301,MADRE DE DIOS,TAHUAMANU,TAHUAMANU -IÑAPARI,B,
180201,MOQUEGUA,GENERAL SANCHEZ CERRO,GENERAL SANCHEZ CERRO -OMATE,B,
190201,PASCO,DANIEL A. CARRION,DANIEL ALCIDES CARRION -,B,
190301,PASCO,OXAPAMPA,OXAPAMPA,B,
200201,PIURA,AYABACA,AYABACA,B,
200301,PIURA,HUANCABAMBA,HUANCABAMBA,B,
210301,PUNO,CARABAYA,CARABAYA - MACUSANI,B,
210401,PUNO,CHUCUITO,CHUCUITO -JULI,B,
210601,PUNO,HUANCANE,HUANCANE,B,
210701,PUNO,LAMPA,LAMPA,B,
210901,PUNO,MOHO,MOHO,B,
211001,PUNO,SAN ANTONIO DE PUTINA,SAN ANTONIO DE PUTINA -PUTINA,B,
211201,PUNO,SANDIA,SANDIA,B,
211301,PUNO,YUNGUYO,YUNGUYO,B,
220201,SAN MARTIN,BELLAVISTA,BELLAVISTA,B,
220301,SAN MARTIN,EL DORADO,EL DORADO -SAN JOSE DE SISA,B,
220401,SAN MARTIN,HUALLAGA,HUALLAGA -SAPOSOA,B,
220501,SAN MARTIN,LAMAS,LAMAS,B,
220701,SAN MARTIN,PICOTA,PICOTA,B,
221001,SAN MARTIN,TOCACHE,TOCACHE,B,
230201,TACNA,CANDARAVE,CANDARAVE,B,
230301,TACNA,JORGE BASADRE,JORGE BASADRE - LOCUMBA,B,
230401,TACNA,TARATA,TARATA,B,
240201,TUMBES,CONTRALMIRANTE VILLAR,CONTRALMIRANTE VILLAR -ZORRITOS,B,
250201,UCAYALI,ATALAYA,ATALAYA -RAIMONDI,B,
250301,UCAYALI,PADRE ABAD,PADRE ABAD,B,
250401,UCAYALI,PURUS,PURUS,B,
150102,LIMA,LIMA,ANCON,C,
150103,LIMA,LIMA,ATE,C,
150104,LIMA,LIMA,BARRANCO,C,
150105,LIMA,LIMA,BREÑA,C,
150106,LIMA,LIMA,CARABAYLLO,C,
150107,LIMA,LIMA,CHACLACAYO,C,
150108,LIMA,LIMA,CHORRILLOS,C,
150109,LIMA,LIMA,CIENEGUILLA,C,
150110,LIMA,LIMA,COMAS,C,
150111,LIMA,LIMA,EL AGUSTINO,C,
150112,LIMA,LIMA,INDEPENDENCIA,C,
150113,LIMA,LIMA,JESUS MARIA,C,
150114,LIMA,LIMA,LA MOLINA,C,
150115,LIMA,LIMA,LA VICTORIA,C,
150116,LIMA,LIMA,LINCE,C,
150117,LIMA,LIMA,LOS OLIVOS,C,
150118,LIMA,LIMA,LURIGANCHO,C,
150119,LIMA,LIMA,LURIN,C,
150120,LIMA,LIMA,MAGDALENA DEL MAR,C,
150121,LIMA,LIMA,PUEBLO LIBRE,C,
150122,LIMA,LIMA,MIRAFLORES,C,
150123,LIMA,LIMA,PACHACAMAC,C,
150124,LIMA,LIMA,PUCUSANA,C,
150125,LIMA,LIMA,PUENTE PIEDRA,C,
150126,LIMA,LIMA,PUNTA HERMOSA,C,
150127,LIMA,LIMA,PUNTA NEGRA,C,
150128,LIMA,LIMA,RIMAC,C,
150129,LIMA,LIMA,SAN BARTOLO,C,
150130,LIMA,LIMA,SAN BORJA,C,
150131,LIMA,LIMA,SAN ISIDRO,C,
150132,LIMA,LIMA,SAN JUAN DE LURIGANCHO,C,
150133,LIMA,LIMA,SAN JUAN DE MIRAFLORES,C,
150134,LIMA,LIMA,SAN LUIS,C,
150135,LIMA,LIMA,SAN MARTIN DE PORRES,C,
150136,LIMA,LIMA,SAN MIGUEL,C,
150137,LIMA,LIMA,SANTA ANITA,C,
150138,LIMA,LIMA,SANTA MARIA DEL MAR,C,
150139,LIMA,LIMA,SANTA ROSA,C,
150140,LIMA,LIMA,SANTIAGO DE SURCO,C,
150141,LIMA,LIMA,SURQUILLO,C,
150142,LIMA,LIMA,VILLA EL SALVADOR,C,
150143,LIMA,LIMA,VILLA MARIA DEL TRIUNFO,C,
20105,ANCASH,HUARAZ,INDEPENDENCIA,D,
21803,ANCASH,SANTA,COISHCO,D,
21809,ANCASH,SANTA,NUEVO CHIMBOTE,D,
30109,APURIMAC,ABANCAY,TAMBURCO,D,
30213,APURIMAC,ANDAHUAYLAS,SAN JERONIMO,D,
30216,APURIMAC,ANDAHUAYLAS,TALAVERA,D,
40102,AREQUIPA,AREQUIPA,ALTO SELVA ALEGRE,D,
40103,AREQUIPA,AREQUIPA,CAYMA,D,
40104,AREQUIPA,AREQUIPA,CERRO COLORADO,D,
40105,AREQUIPA,AREQUIPA,CHARACATO,D,
40106,AREQUIPA,AREQUIPA,CHIGUATA,D,
40107,AREQUIPA,AREQUIPA,JACOBO HUNTER,D,
40109,AREQUIPA,AREQUIPA,MARIANO MELGAR,D,
40110,AREQUIPA,AREQUIPA,MIRAFLORES,D,
40111,AREQUIPA,AREQUIPA,MOLLEBAYA,D,
40112,AREQUIPA,AREQUIPA,PAUCARPATA,D,
40116,AREQUIPA,AREQUIPA,SABANDIA,D,
40117,AREQUIPA,AREQUIPA,SACHACA,D,
40122,AREQUIPA,AREQUIPA,SOCABAYA,D,
40123,AREQUIPA,AREQUIPA,TIABAYA,D,
40126,AREQUIPA,AREQUIPA,YANAHUARA,D,
40128,AREQUIPA,AREQUIPA,YURA,D,
40129,AREQUIPA,AREQUIPA,JOSE LUIS,D,
40520,AREQUIPA,CAYLLOMA,MAJES,D,
50104,AYACUCHO,HUAMANGA,CARMEN ALTO,D,
50110,AYACUCHO,HUAMANGA,SAN JUAN BAUTISTA,D,
50115,AYACUCHO,HUAMANGA,JESUS NAZARENO,D,
50116,AYACUCHO,HUAMANGA,ANDRES AVELINO CACERES,D,
60108,CAJAMARCA,CAJAMARCA,LOS BAÑOS DEL INCA,D,
70102,PROV.,PROV.CONSTITUCIONAL DEL CALLAO,BELLAVISTA,D,
70103,PROV.,PROV.CONSTITUCIONAL DEL CALLAO,CARMEN DE LA LEGUA REYNOSO,D,
70104,PROV.,PROV.CONSTITUCIONAL DEL CALLAO,LA PERLA,D,
70105,PROV.,PROV.CONSTITUCIONAL DEL CALLAO,LA PUNTA,D,
70106,PROV.,PROV.CONSTITUCIONAL DEL CALLAO,VENTANILLA,D,
70107,PROV.,PROV.CONSTITUCIONAL DEL CALLAO,MI PERÚ,D,
80104,CUSCO,CUSCO,SAN JERONIMO,D,
80105,CUSCO,CUSCO,SAN SEBASTIAN,D,
80106,CUSCO,CUSCO,SANTIAGO,D,
80108,CUSCO,CUSCO,WANCHAQ,D,
90118,HUANCAVELICA,HUANCAVELICA,ASCENSION,D,
100102,HUANUCO,HUANUCO,AMARILIS,D,
100111,HUANUCO,HUANUCO,PILLCO MARCA,D,
100606,HUANUCO,LEONCIO PRADO,MARIANO DAMASO BERAUN,D,
100608,HUANUCO,LEONCIO PRADO,CASTILLO GRANDE,D,
110102,ICA,ICA,LA TINGUIÑA,D,
110103,ICA,ICA,LOS AQUIJES,D,
110106,ICA,ICA,PARCONA,D,
110108,ICA,ICA,SALAS,D,
110110,ICA,ICA,SAN JUAN BAUTISTA,D,
110112,ICA,ICA,SUBTANJALLA,D,
110206,ICA,CHINCHA,GROCIO PRADO,D,
110207,ICA,CHINCHA,PUEBLO NUEVO,D,
110210,ICA,CHINCHA,SUNAMPE,D,
110305,ICA,NASCA,VISTA ALEGRE,D,
110506,ICA,PISCO,SAN ANDRES,D,
110507,ICA,PISCO,SAN CLEMENTE,D,
110508,ICA,PISCO,TUPAC AMARU INCA,D,
120107,JUNIN,HUANCAYO,CHILCA,D,
120114,JUNIN,HUANCAYO,EL TAMBO,D,
120117,JUNIN,HUANCAYO,HUALHUAS,D,
120119,JUNIN,HUANCAYO,HUANCAN,D,
120121,JUNIN,HUANCAYO,HUAYUCACHI,D,
120125,JUNIN,HUANCAYO,PILCOMAYO,D,
120129,JUNIN,HUANCAYO,SAN AGUSTIN,D,
120133,JUNIN,HUANCAYO,SAPALLANGA,D,
120134,JUNIN,HUANCAYO,SICAYA,D,
120302,JUNIN,CHANCHAMAYO,PERENE,D,
120303,JUNIN,CHANCHAMAYO,PICHANAQUI,D,
120305,JUNIN,CHANCHAMAYO,SAN RAMON,D,
120430,JUNIN,JAUJA,SAUSA,D,
120434,JUNIN,JAUJA,YAUYOS,D,
120606,JUNIN,SATIPO,PANGOA,D,
120808,JUNIN,YAULI,SANTA ROSA DE SACCO,D,
130102,LA LIBERTAD,TRUJILLO,EL PORVENIR,D,
130103,LA LIBERTAD,TRUJILLO,FLORENCIA DE MORA,D,
130104,LA LIBERTAD,TRUJILLO,HUANCHACO,D,
130105,LA LIBERTAD,TRUJILLO,LA ESPERANZA,D,
130106,LA LIBERTAD,TRUJILLO,LAREDO,D,
130107,LA LIBERTAD,TRUJILLO,MOCHE,D,
130109,LA LIBERTAD,TRUJILLO,SALAVERRY,D,
130111,LA LIBERTAD,TRUJILLO,VICTOR LARCO HERRERA,D,
130205,LA LIBERTAD,ASCOPE,PAIJAN,D,
130208,LA LIBERTAD,ASCOPE,CASA GRANDE,D,
130702,LA LIBERTAD,PACASMAYO,GUADALUPE,D,
130704,LA LIBERTAD,PACASMAYO,PACASMAYO,D,
140105,LAMBAYEQUE,CHICLAYO,JOSE LEONARDO ORTIZ,D,
140106,LAMBAYEQUE,CHICLAYO,LA VICTORIA,D,
140108,LAMBAYEQUE,CHICLAYO,MONSEFU,D,
140112,LAMBAYEQUE,CHICLAYO,PIMENTEL,D,
140118,LAMBAYEQUE,CHICLAYO,POMALCA,D,
140120,LAMBAYEQUE,CHICLAYO,TUMAN,D,
140206,LAMBAYEQUE,FERREÑAFE,PUEBLO NUEVO,D,
150202,LIMA,BARRANCA,PARAMONGA,D,
150204,LIMA,BARRANCA,SUPE,D,
150205,LIMA,BARRANCA,SUPE PUERTO,D,
150507,LIMA,CAÑETE,IMPERIAL,D,
150509,LIMA,CAÑETE,MALA,D,
150605,LIMA,HUARAL,CHANCAY,D,
150803,LIMA,HUAURA,CALETA DE CARQUIN,D,
150805,LIMA,HUAURA,HUALMAY,D,
150806,LIMA,HUAURA,HUAURA,D,
150810,LIMA,HUAURA,SANTA MARIA,D,
160108,LORETO,MAYNAS,PUNCHANA,D,
160112,LORETO,MAYNAS,BELEN,D,
160113,LORETO,MAYNAS,SAN JUAN BAUTISTA,D,
170103,MADRE DE DIOS,TAMBOPATA,LAS PIEDRAS,D,
180104,MOQUEGUA,MARISCAL NIETO,SAMEGUA,D,
180302,MOQUEGUA,ILO,EL ALGARROBAL,D,
180303,MOQUEGUA,ILO,PACOCHA,D,
190109,PASCO,PASCO,SIMON BOLIVAR,D,
190113,PASCO,PASCO,YANACANCHA,D,
200104,PIURA,PIURA,CASTILLA,D,
200105,PIURA,PIURA,CATACAOS,D,
200109,PIURA,PIURA,LA ARENA,D,
200110,PIURA,PIURA,LA UNION,D,
200114,PIURA,PIURA,TAMBO GRANDE,D,
200115,PIURA,PIURA,VEINTISEIS DE OCTUBRE,D,
200602,PIURA,SULLANA,BELLAVISTA,D,
211105,PUNO,SAN ROMAN,SAN MIGUEL,D,
220804,SAN MARTIN,RIOJA,NUEVA CAJAMARCA,D,
220909,SAN MARTIN,SAN MARTIN,LA BANDA DE SHILCAYO,D,
220910,SAN MARTIN,SAN MARTIN,MORALES,D,
230102,TACNA,TACNA,ALTO DE LA ALIANZA,D,
230104,TACNA,TACNA,CIUDAD NUEVA,D,
230108,TACNA,TACNA,POCOLLAY,D,
230110,TACNA,TACNA,CORONEL GREGORIO,D,
240302,TUMBES,ZARUMILLA,AGUAS VERDES,D,
250105,UCAYALI,CORONEL PORTILLO,YARINACOCHA,D,
250107,UCAYALI,CORONEL PORTILLO,MANANTAY,D,
10108,AMAZONAS,CHACHAPOYAS,HUANCAS,E,
10110,AMAZONAS,CHACHAPOYAS,LEIMEBAMBA,E,
10112,AMAZONAS,CHACHAPOYAS,MAGDALENA,E,
10113,AMAZONAS,CHACHAPOYAS,MARISCAL CASTILLA,E,
10115,AMAZONAS,CHACHAPOYAS,MONTEVIDEO,E,
10118,AMAZONAS,CHACHAPOYAS,SAN FRANCISCO DE DAGUAS,E,
10119,AMAZONAS,CHACHAPOYAS,SAN ISIDRO DE MAINO,E,
10303,AMAZONAS,BONGARA,CHURUJA,E,
10307,AMAZONAS,BONGARA,JAZAN,E,
10309,AMAZONAS,BONGARA,SAN CARLOS,E,
10510,AMAZONAS,LUYA,LUYA VIEJO,E,
10516,AMAZONAS,LUYA,SAN CRISTOBAL,E,
10603,AMAZONAS,RODRIGUEZ DE MENDOZA,COCHAMAL,E,
20502,ANCASH,BOLOGNESI,ABELARDO PARDO LEZAMETA,E,
20506,ANCASH,BOLOGNESI,CANIS,E,
20507,ANCASH,BOLOGNESI,COLQUIOC,E,
20508,ANCASH,BOLOGNESI,HUALLANCA,E,
20509,ANCASH,BOLOGNESI,HUASTA,E,
20511,ANCASH,BOLOGNESI,LA PRIMAVERA,E,
20512,ANCASH,BOLOGNESI,MANGAS,E,
20513,ANCASH,BOLOGNESI,PACLLON,E,
20514,ANCASH,BOLOGNESI,SAN MIGUEL DE CORPANQUI,E,
20515,ANCASH,BOLOGNESI,TICLLOS,E,
20803,ANCASH,CASMA,COMANDANTE NOEL,E,
20903,ANCASH,CORONGO,BAMBAS,E,
20905,ANCASH,CORONGO,LA PAMPA,E,
20907,ANCASH,CORONGO,YUPAN,E,
21010,ANCASH,HUARI,PAUCAS,E,
21012,ANCASH,HUARI,RAHUAPAMPA,E,
21403,ANCASH,OCROS,CAJAMARQUILLA,E,
21404,ANCASH,OCROS,CARHUAPAMPA,E,
21406,ANCASH,OCROS,CONGAS,E,
21407,ANCASH,OCROS,LLIPA,E,
21408,ANCASH,OCROS,SAN CRISTOBAL DE RAJAN,E,
21410,ANCASH,OCROS,SANTIAGO DE CHILCAS,E,
21507,ANCASH,PALLASCA,LLAPO,E,
21703,ANCASH,RECUAY,COTAPARACO,E,
21705,ANCASH,RECUAY,LLACLLIN,E,
21706,ANCASH,RECUAY,MARCA,E,
21806,ANCASH,SANTA,NEPEÑA,E,
21807,ANCASH,SANTA,SAMANCO,E,
21808,ANCASH,SANTA,SANTA,E,
30102,APURIMAC,ABANCAY,CHACOCHE,E,
30211,APURIMAC,ANDAHUAYLAS,POMACOCHA,E,
30220,APURIMAC,ANDAHUAYLAS,JOSE MARÍA ARGUEDAS,E,
30302,APURIMAC,ANTABAMBA,EL ORO,E,
30304,APURIMAC,ANTABAMBA,JUAN ESPINOZA MEDRANO,E,
30305,APURIMAC,ANTABAMBA,OROPESA,E,
30306,APURIMAC,ANTABAMBA,PACHACONAS,E,
30307,APURIMAC,ANTABAMBA,SABAINO,E,
30403,APURIMAC,AYMARAES,CARAYBAMBA,E,
30411,APURIMAC,AYMARAES,SAN JUAN DE CHACÑA,E,
30602,APURIMAC,CHINCHEROS,ANCO-HUALLO,E,
30709,APURIMAC,GRAU,SAN ANTONIO,E,
30711,APURIMAC,GRAU,TURPAY,E,
30712,APURIMAC,GRAU,VILCABAMBA,E,
30713,APURIMAC,GRAU,VIRUNDO,E,
40108,AREQUIPA,AREQUIPA,LA JOYA,E,
40115,AREQUIPA,AREQUIPA,QUEQUEÑA,E,
40118,AREQUIPA,AREQUIPA,SAN JUAN DE SIGUAS,E,
40121,AREQUIPA,AREQUIPA,SANTA RITA DE SIGUAS,E,
40124,AREQUIPA,AREQUIPA,UCHUMAYO,E,
40127,AREQUIPA,AREQUIPA,YARABAMBA,E,
40202,AREQUIPA,CAMANA,JOSE MARIA QUIMPER,E,
40204,AREQUIPA,CAMANA,MARISCAL CACERES,E,
40205,AREQUIPA,CAMANA,NICOLAS DE PIEROLA,E,
40206,AREQUIPA,CAMANA,OCOÑA,E,
40208,AREQUIPA,CAMANA,SAMUEL PASTOR,E,
40302,AREQUIPA,CARAVELI,ACARI,E,
40303,AREQUIPA,CARAVELI,ATICO,E,
40305,AREQUIPA,CARAVELI,BELLA UNION,E,
40307,AREQUIPA,CARAVELI,CHALA,E,
40310,AREQUIPA,CARAVELI,JAQUI,E,
40311,AREQUIPA,CARAVELI,LOMAS,E,
40313,AREQUIPA,CARAVELI,YAUCA,E,
40402,AREQUIPA,CASTILLA,ANDAGUA,E,
40403,AREQUIPA,CASTILLA,AYO,E,
40407,AREQUIPA,CASTILLA,HUANCARQUI,E,
40409,AREQUIPA,CASTILLA,ORCOPAMPA,E,
40410,AREQUIPA,CASTILLA,PAMPACOLCA,E,
40414,AREQUIPA,CASTILLA,VIRACO,E,
40502,AREQUIPA,CAYLLOMA,ACHOMA,E,
40503,AREQUIPA,CAYLLOMA,CABANACONDE,E,
40505,AREQUIPA,CAYLLOMA,CAYLLOMA,E,
40509,AREQUIPA,CAYLLOMA,ICHUPAMPA,E,
40510,AREQUIPA,CAYLLOMA,LARI,E,
40512,AREQUIPA,CAYLLOMA,MACA,E,
40513,AREQUIPA,CAYLLOMA,MADRIGAL,E,
40515,AREQUIPA,CAYLLOMA,SIBAYO,E,
40518,AREQUIPA,CAYLLOMA,TUTI,E,
40519,AREQUIPA,CAYLLOMA,YANQUE,E,
40702,AREQUIPA,ISLAY,COCACHACRA,E,
40703,AREQUIPA,ISLAY,DEAN VALDIVIA,E,
40704,AREQUIPA,ISLAY,ISLAY,E,
40705,AREQUIPA,ISLAY,MEJIA,E,
40706,AREQUIPA,ISLAY,PUNTA DE BOMBON,E,
40802,AREQUIPA,LA UNION,ALCA,E,
40809,AREQUIPA,LA UNION,TAURIA,E,
50302,AYACUCHO,HUANCA SANCOS,CARAPO,E,
50503,AYACUCHO,LA MAR,AYNA,E,
50507,AYACUCHO,LA MAR,SANTA ROSA,E,
50602,AYACUCHO,LUCANAS,AUCARA,E,
50603,AYACUCHO,LUCANAS,CABANA,E,
50604,AYACUCHO,LUCANAS,CARMEN SALCEDO,E,
50616,AYACUCHO,LUCANAS,SAN JUAN,E,
50620,AYACUCHO,LUCANAS,SANTA ANA DE HUAYCAHUACHO,E,
50621,AYACUCHO,LUCANAS,SANTA LUCIA,E,
50702,AYACUCHO,PARINACOCHAS,CHUMPI,E,
50705,AYACUCHO,PARINACOCHAS,PULLO,E,
50804,AYACUCHO,PAUCAR DEL SARA SARA,LAMPA,E,
50805,AYACUCHO,PAUCAR DEL SARA SARA,MARCABAMBA,E,
50810,AYACUCHO,PAUCAR DEL SARA SARA,SARA SARA,E,
50902,AYACUCHO,SUCRE,BELEN,E,
50905,AYACUCHO,SUCRE,HUACAÑA,E,
50906,AYACUCHO,SUCRE,MORCOLLA,E,
50907,AYACUCHO,SUCRE,PAICO,E,
50910,AYACUCHO,SUCRE,SANTIAGO DE PAUCARAY,E,
50911,AYACUCHO,SUCRE,SORAS,E,
51002,AYACUCHO,VICTOR FAJARDO,ALCAMENCA,E,
51003,AYACUCHO,VICTOR FAJARDO,APONGO,E,
51005,AYACUCHO,VICTOR FAJARDO,CANARIA,E,
51006,AYACUCHO,VICTOR FAJARDO,CAYARA,E,
51009,AYACUCHO,VICTOR FAJARDO,HUANCARAYLLA,E,
51010,AYACUCHO,VICTOR FAJARDO,HUAYA,E,
51011,AYACUCHO,VICTOR FAJARDO,SARHUA,E,
51102,AYACUCHO,VILCAS HUAMAN,ACCOMARCA,E,
60502,CAJAMARCA,CONTUMAZA,CHILETE,E,
80207,CUSCO,ACOMAYO,SANGARARA,E,
80402,CUSCO,CALCA,COYA,E,
80910,CUSCO,LA CONVENCION,PICHARI,E,
81004,CUSCO,PARURO,COLCHA,E,
81008,CUSCO,PARURO,PILLPINTO,E,
81202,CUSCO,QUISPICANCHIS,ANDAHUAYLILLAS,E,
81203,CUSCO,QUISPICANCHIS,CAMANTI,E,
81208,CUSCO,QUISPICANCHIS,LUCRE,E,
81211,CUSCO,QUISPICANCHIS,OROPESA,E,
81304,CUSCO,URUBAMBA,MACHUPICCHU,E,
81307,CUSCO,URUBAMBA,YUCAY,E,
90104,HUANCAVELICA,HUANCAVELICA,CONAYCA,E,
90107,HUANCAVELICA,HUANCAVELICA,HUAYLLAHUARA,E,
90111,HUANCAVELICA,HUANCAVELICA,MARISCAL CACERES,E,
90303,HUANCAVELICA,ANGARAES,CALLANMARCA,E,
90308,HUANCAVELICA,ANGARAES,HUAYLLAY GRANDE,E,
90605,HUANCAVELICA,HUAYTARA,LARAMARCA,E,
90710,HUANCAVELICA,TAYACAJA,ÑAHUIMPUQUIO,E,
90713,HUANCAVELICA,TAYACAJA,QUISHUAR,E,
100508,HUANUCO,HUAMALIES,PUNCHAO,E,
100604,HUANUCO,LEONCIO PRADO,JOSE CRESPO Y CASTILLO,E,
101004,HUANUCO,LAURICOCHA,QUEROPALCA,E,
110105,ICA,ICA,PACHACUTEC,E,
110109,ICA,ICA,SAN JOSE DE LOS MOLINOS,E,
110111,ICA,ICA,SANTIAGO,E,
110113,ICA,ICA,TATE,E,
110202,ICA,CHINCHA,ALTO LARAN,E,
110211,ICA,CHINCHA,TAMBO DE MORA,E,
110304,ICA,NASCA,MARCONA,E,
110402,ICA,PALPA,LLIPATA,E,
110505,ICA,PISCO,PARACAS,E,
120104,JUNIN,HUANCAYO,CARHUACALLANGA,E,
120116,JUNIN,HUANCAYO,HUACRAPUQUIO,E,
120120,JUNIN,HUANCAYO,HUASICANCHA,E,
120122,JUNIN,HUANCAYO,INGENIO,E,
120128,JUNIN,HUANCAYO,QUILCAS,E,
120130,JUNIN,HUANCAYO,SAN JERONIMO DE TUNAN,E,
120132,JUNIN,HUANCAYO,SAÑO,E,
120136,JUNIN,HUANCAYO,VIQUES,E,
120202,JUNIN,CONCEPCION,ACO,E,
120208,JUNIN,CONCEPCION,MANZANARES,E,
120210,JUNIN,CONCEPCION,MATAHUASI,E,
120212,JUNIN,CONCEPCION,NUEVE DE JULIO,E,
120213,JUNIN,CONCEPCION,ORCOTUNA,E,
120215,JUNIN,CONCEPCION,SANTA ROSA DE OCOPA,E,
120402,JUNIN,JAUJA,ACOLLA,E,
120404,JUNIN,JAUJA,ATAURA,E,
120405,JUNIN,JAUJA,CANCHAYLLO,E,
120407,JUNIN,JAUJA,EL MANTARO,E,
120408,JUNIN,JAUJA,HUAMALI,E,
120409,JUNIN,JAUJA,HUARIPAMPA,E,
120410,JUNIN,JAUJA,HUERTAS,E,
120412,JUNIN,JAUJA,JULCAN,E,
120413,JUNIN,JAUJA,LEONOR ORDOÑEZ,E,
120414,JUNIN,JAUJA,LLOCLLAPAMPA,E,
120415,JUNIN,JAUJA,MARCO,E,
120418,JUNIN,JAUJA,MOLINOS,E,
120420,JUNIN,JAUJA,MUQUI,E,
120421,JUNIN,JAUJA,MUQUIYAUYO,E,
120425,JUNIN,JAUJA,PARCO,E,
120428,JUNIN,JAUJA,SAN LORENZO,E,
120429,JUNIN,JAUJA,SAN PEDRO DE CHUNAN,E,
120432,JUNIN,JAUJA,TUNAN MARCA,E,
120433,JUNIN,JAUJA,YAULI,E,
120502,JUNIN,JUNIN,CARHUAMAYO,E,
120705,JUNIN,TARMA,LA UNION,E,
120708,JUNIN,TARMA,SAN PEDRO DE CAJAS,E,
120803,JUNIN,YAULI,HUAY-HUAY,E,
120805,JUNIN,YAULI,MOROCOCHA,E,
120806,JUNIN,YAULI,PACCHA,E,
120810,JUNIN,YAULI,YAULI,E,
120903,JUNIN,CHUPACA,CHONGOS BAJO,E,
120905,JUNIN,CHUPACA,HUAMANCACA CHICO,E,
120908,JUNIN,CHUPACA,TRES DE DICIEMBRE,E,
130202,LA LIBERTAD,ASCOPE,CHICAMA,E,
130203,LA LIBERTAD,ASCOPE,CHOCOPE,E,
130204,LA LIBERTAD,ASCOPE,MAGDALENA DE CAO,E,
130207,LA LIBERTAD,ASCOPE,SANTIAGO DE CAO,E,
130306,LA LIBERTAD,BOLIVAR,UCUNCHA,E,
130402,LA LIBERTAD,CHEPEN,PACANGA,E,
130403,LA LIBERTAD,CHEPEN,PUEBLO NUEVO,E,
130703,LA LIBERTAD,PACASMAYO,JEQUETEPEQUE,E,
130705,LA LIBERTAD,PACASMAYO,SAN JOSE,E,
131202,LA LIBERTAD,VIRU,CHAO,E,
131203,LA LIBERTAD,VIRU,GUADALUPITO,E,
140102,LAMBAYEQUE,CHICLAYO,CHONGOYAPE,E,
140103,LAMBAYEQUE,CHICLAYO,ETEN,E,
140104,LAMBAYEQUE,CHICLAYO,ETEN PUERTO,E,
140107,LAMBAYEQUE,CHICLAYO,LAGUNAS,E,
140109,LAMBAYEQUE,CHICLAYO,NUEVA ARICA,E,
140110,LAMBAYEQUE,CHICLAYO,OYOTUN,E,
140111,LAMBAYEQUE,CHICLAYO,PICSI,E,
140113,LAMBAYEQUE,CHICLAYO,REQUE,E,
140114,LAMBAYEQUE,CHICLAYO,SANTA ROSA,E,
140115,LAMBAYEQUE,CHICLAYO,SAÑA,E,
140116,LAMBAYEQUE,CHICLAYO,CAYALTI,E,
140117,LAMBAYEQUE,CHICLAYO,PATAPO,E,
140119,LAMBAYEQUE,CHICLAYO,PUCALA,E,
140311,LAMBAYEQUE,LAMBAYEQUE,SAN JOSE,E,
150203,LIMA,BARRANCA,PATIVILCA,E,
150302,LIMA,CAJATAMBO,COPA,E,
150403,LIMA,CANTA,HUAMANTANGA,E,
150404,LIMA,CANTA,HUAROS,E,
150405,LIMA,CANTA,LACHAQUI,E,
150406,LIMA,CANTA,SAN BUENAVENTURA,E,
150502,LIMA,CAÑETE,ASIA,E,
150504,LIMA,CAÑETE,CERRO AZUL,E,
150505,LIMA,CAÑETE,CHILCA,E,
150508,LIMA,CAÑETE,LUNAHUANA,E,
150510,LIMA,CAÑETE,NUEVO IMPERIAL,E,
150512,LIMA,CAÑETE,QUILMANA,E,
150513,LIMA,CAÑETE,SAN ANTONIO,E,
150514,LIMA,CAÑETE,SAN LUIS,E,
150515,LIMA,CAÑETE,SANTA CRUZ DE FLORES,E,
150602,LIMA,HUARAL,ATAVILLOS ALTO,E,
150603,LIMA,HUARAL,ATAVILLOS BAJO,E,
150604,LIMA,HUARAL,AUCALLAMA,E,
150607,LIMA,HUARAL,LAMPIAN,E,
150608,LIMA,HUARAL,PACARAOS,E,
150609,LIMA,HUARAL,SAN MIGUEL DE ACOS,E,
150612,LIMA,HUARAL,VEINTISIETE DE NOVIEMBRE,E,
150703,LIMA,HUAROCHIRI,CALLAHUANCA,E,
150704,LIMA,HUAROCHIRI,CARAMPOMA,E,
150707,LIMA,HUAROCHIRI,HUACHUPAMPA,E,
150708,LIMA,HUAROCHIRI,HUANZA,E,
150709,LIMA,HUAROCHIRI,HUAROCHIRI,E,
150712,LIMA,HUAROCHIRI,SAN PEDRO DE LARAOS,E,
150714,LIMA,HUAROCHIRI,RICARDO PALMA,E,
150718,LIMA,HUAROCHIRI,SAN DAMIAN,E,
150719,LIMA,HUAROCHIRI,SAN JUAN DE IRIS,E,
150720,LIMA,HUAROCHIRI,SAN JUAN DE TANTARANCHE,E,
150721,LIMA,HUAROCHIRI,SAN LORENZO DE QUINTI,E,
150722,LIMA,HUAROCHIRI,SAN MATEO,E,
150724,LIMA,HUAROCHIRI,SAN PEDRO DE CASTA,E,
150725,LIMA,HUAROCHIRI,SAN PEDRO DE HUANCAYRE,E,
150727,LIMA,HUAROCHIRI,SANTA CRUZ DE COCACHACRA,E,
150728,LIMA,HUAROCHIRI,SANTA EULALIA,E,
150729,LIMA,HUAROCHIRI,SANTIAGO DE ANCHUCAYA,E,
150730,LIMA,HUAROCHIRI,SANTIAGO DE TUNA,E,
150812,LIMA,HUAURA,VEGUETA,E,
150902,LIMA,OYON,ANDAJES,E,
150906,LIMA,OYON,PACHANGARA,E,
151004,LIMA,YAUYOS,AYAVIRI,E,
151007,LIMA,YAUYOS,CARANIA,E,
151010,LIMA,YAUYOS,COCHAS,E,
151012,LIMA,YAUYOS,HONGOS,E,
151013,LIMA,YAUYOS,HUAMPARA,E,
151014,LIMA,YAUYOS,HUANCAYA,E,
151017,LIMA,YAUYOS,HUAÑEC,E,
151018,LIMA,YAUYOS,LARAOS,E,
151021,LIMA,YAUYOS,MIRAFLORES,E,
151023,LIMA,YAUYOS,PUTINZA,E,
151025,LIMA,YAUYOS,QUINOCAY,E,
151026,LIMA,YAUYOS,SAN JOAQUIN,E,
151027,LIMA,YAUYOS,SAN PEDRO DE PILAS,E,
151028,LIMA,YAUYOS,TANTA,E,
151029,LIMA,YAUYOS,TAURIPAMPA,E,
151033,LIMA,YAUYOS,VITIS,E,
160510,LORETO,REQUENA,JENARO HERRERA,E,
160606,LORETO,UCAYALI,VARGAS GUERRA,E,
170104,MADRE DE DIOS,TAMBOPATA,LABERINTO,E,
170204,MADRE DE DIOS,MANU,HUEPETUHE,E,
170302,MADRE DE DIOS,TAHUAMANU,IBERIA,E,
180103,MOQUEGUA,MARISCAL NIETO,CUCHUMBAYA,E,
180105,MOQUEGUA,MARISCAL NIETO,SAN CRISTOBAL,E,
180206,MOQUEGUA,GENERAL SANCHEZ CERRO,LLOQUE,E,
180208,MOQUEGUA,GENERAL SANCHEZ CERRO,PUQUINA,E,
190103,PASCO,PASCO,HUARIACA,E,
190104,PASCO,PASCO,HUAYLLAY,E,
190105,PASCO,PASCO,NINACACA,E,
190107,PASCO,PASCO,PAUCARTAMBO,E,
190111,PASCO,PASCO,TINYAHUARCO,E,
190112,PASCO,PASCO,VICCO,E,
190202,PASCO,DANIEL A. CARRION,CHACAYAN,E,
190203,PASCO,DANIEL A. CARRION,GOYLLARISQUIZGA,E,
190204,PASCO,DANIEL A. CARRION,PAUCAR,E,
190205,PASCO,DANIEL A. CARRION,SAN PEDRO DE PILLAO,E,
190207,PASCO,DANIEL A. CARRION,TAPUC,E,
190307,PASCO,OXAPAMPA,VILLA RICA,E,
200107,PIURA,PIURA,CURA MORI,E,
200108,PIURA,PIURA,EL TALLAN,E,
200402,PIURA,MORROPON,BUENOS AIRES,E,
200405,PIURA,MORROPON,MORROPON,E,
200406,PIURA,MORROPON,SALITRAL,E,
200502,PIURA,PAITA,AMOTAPE,E,
200503,PIURA,PAITA,ARENAL,E,
200504,PIURA,PAITA,COLAN,E,
200505,PIURA,PAITA,LA HUACA,E,
200506,PIURA,PAITA,TAMARINDO,E,
200507,PIURA,PAITA,VICHAYAL,E,
200603,PIURA,SULLANA,IGNACIO ESCUDERO,E,
200605,PIURA,SULLANA,MARCAVELICA,E,
200606,PIURA,SULLANA,MIGUEL CHECA,E,
200607,PIURA,SULLANA,QUERECOTILLO,E,
200608,PIURA,SULLANA,SALITRAL,E,
200702,PIURA,TALARA,EL ALTO,E,
200703,PIURA,TALARA,LA BREA,E,
200704,PIURA,TALARA,LOBITOS,E,
200705,PIURA,TALARA,LOS ORGANOS,E,
200706,PIURA,TALARA,MANCORA,E,
200802,PIURA,SECHURA,BELLAVISTA DE LA UNION,E,
200803,PIURA,SECHURA,BERNAL,E,
200805,PIURA,SECHURA,VICE,E,
200806,PIURA,SECHURA,RINCONADA LLICUAR,E,
210306,PUNO,CARABAYA,CRUCERO,E,
210709,PUNO,LAMPA,SANTA LUCIA,E,
211002,PUNO,SAN ANTONIO DE PUTINA,ANANEA,E,
211302,PUNO,YUNGUYO,ANAPIA,E,
220102,SAN MARTIN,MOYOBAMBA,CALZADA,E,
220103,SAN MARTIN,MOYOBAMBA,HABANA,E,
220105,SAN MARTIN,MOYOBAMBA,SORITOR,E,
220106,SAN MARTIN,MOYOBAMBA,YANTALO,E,
220205,SAN MARTIN,BELLAVISTA,SAN PABLO,E,
220206,SAN MARTIN,BELLAVISTA,SAN RAFAEL,E,
220406,SAN MARTIN,HUALLAGA,TINGO DE SAPOSOA,E,
220703,SAN MARTIN,PICOTA,CASPISAPA,E,
220704,SAN MARTIN,PICOTA,PILLUANA,E,
220705,SAN MARTIN,PICOTA,PUCACACA,E,
220706,SAN MARTIN,PICOTA,SAN CRISTOBAL,E,
220707,SAN MARTIN,PICOTA,SAN HILARION,E,
220803,SAN MARTIN,RIOJA,ELIAS SOPLIN VARGAS,E,
220806,SAN MARTIN,RIOJA,POSIC,E,
220808,SAN MARTIN,RIOJA,YORONGOS,E,
220809,SAN MARTIN,RIOJA,YURACYACU,E,
220903,SAN MARTIN,SAN MARTIN,CACATACHI,E,
220905,SAN MARTIN,SAN MARTIN,CHIPURANA,E,
220906,SAN MARTIN,SAN MARTIN,EL PORVENIR,E,
220908,SAN MARTIN,SAN MARTIN,JUAN GUERRA,E,
220912,SAN MARTIN,SAN MARTIN,SAN ANTONIO,E,
220913,SAN MARTIN,SAN MARTIN,SAUCE,E,
220914,SAN MARTIN,SAN MARTIN,SHAPAJA,E,
230109,TACNA,TACNA,SAMA,E,
230202,TACNA,CANDARAVE,CAIRANI,E,
230203,TACNA,CANDARAVE,CAMILACA,E,
230204,TACNA,CANDARAVE,CURIBAYA,E,
230205,TACNA,CANDARAVE,HUANUARA,E,
230206,TACNA,CANDARAVE,QUILAHUANI,E,
230302,TACNA,JORGE BASADRE,ILABAYA,E,
230403,TACNA,TARATA,ESTIQUE,E,
230404,TACNA,TARATA,ESTIQUE-PAMPA,E,
230405,TACNA,TARATA,SITAJARA,E,
230406,TACNA,TARATA,SUSAPAYA,E,
230407,TACNA,TARATA,TARUCACHI,E,
230408,TACNA,TARATA,TICACO,E,
240102,TUMBES,TUMBES,CORRALES,E,
240103,TUMBES,TUMBES,LA CRUZ,E,
240105,TUMBES,TUMBES,SAN JACINTO,E,
240106,TUMBES,TUMBES,SAN JUAN DE LA VIRGEN,E,
240203,TUMBES,CONTRALMIRANTE VILLAR,CANOAS DE PUNTA SAL,E,
240303,TUMBES,ZARUMILLA,MATAPALO,E,
250305,UCAYALI,PADRE ABAD,ALEXANDER VON HUMBOLDT,E,
10102,AMAZONAS,CHACHAPOYAS,ASUNCION,F,
10104,AMAZONAS,CHACHAPOYAS,CHETO,F,
10107,AMAZONAS,CHACHAPOYAS,GRANADA,F,
10109,AMAZONAS,CHACHAPOYAS,LA JALCA,F,
10111,AMAZONAS,CHACHAPOYAS,LEVANTO,F,
10116,AMAZONAS,CHACHAPOYAS,OLLEROS,F,
10121,AMAZONAS,CHACHAPOYAS,SONCHE,F,
10203,AMAZONAS,BAGUA,COPALLIN,F,
10204,AMAZONAS,BAGUA,EL PARCO,F,
10206,AMAZONAS,BAGUA,LA PECA,F,
10302,AMAZONAS,BONGARA,CHISQUILLA,F,
10305,AMAZONAS,BONGARA,CUISPES,F,
10306,AMAZONAS,BONGARA,FLORIDA,F,
10310,AMAZONAS,BONGARA,SHIPASBAMBA,F,
10312,AMAZONAS,BONGARA,YAMBRASBAMBA,F,
10502,AMAZONAS,LUYA,CAMPORREDONDO,F,
10504,AMAZONAS,LUYA,COLCAMAR,F,
10505,AMAZONAS,LUYA,CONILA,F,
10506,AMAZONAS,LUYA,INGUILPATA,F,
10508,AMAZONAS,LUYA,LONYA CHICO,F,
10509,AMAZONAS,LUYA,LUYA,F,
10511,AMAZONAS,LUYA,MARIA,F,
10512,AMAZONAS,LUYA,OCALLI,F,
10517,AMAZONAS,LUYA,SAN FRANCISCO DEL YESO,F,
10522,AMAZONAS,LUYA,TINGO,F,
10523,AMAZONAS,LUYA,TRITA,F,
10606,AMAZONAS,RODRIGUEZ DE MENDOZA,LONGAR,F,
10607,AMAZONAS,RODRIGUEZ DE MENDOZA,MARISCAL BENAVIDES,F,
10608,AMAZONAS,RODRIGUEZ DE MENDOZA,MILPUC,F,
10703,AMAZONAS,UTCUBAMBA,CUMBA,F,
10704,AMAZONAS,UTCUBAMBA,EL MILAGRO,F,
10706,AMAZONAS,UTCUBAMBA,LONYA GRANDE,F,
20103,ANCASH,HUARAZ,COLCABAMBA,F,
20106,ANCASH,HUARAZ,JANGAS,F,
20108,ANCASH,HUARAZ,OLLEROS,F,
20203,ANCASH,AIJA,HUACLLAN,F,
20205,ANCASH,AIJA,SUCCHA,F,
20302,ANCASH,ANTONIO RAIMONDI,ACZO,F,
20304,ANCASH,ANTONIO RAIMONDI,CHINGAS,F,
20504,ANCASH,BOLOGNESI,AQUIA,F,
20505,ANCASH,BOLOGNESI,CAJACAY,F,
20602,ANCASH,CARHUAZ,ACOPAMPA,F,
20603,ANCASH,CARHUAZ,AMASHCA,F,
20606,ANCASH,CARHUAZ,MARCARA,F,
20607,ANCASH,CARHUAZ,PARIAHUANCA,F,
20610,ANCASH,CARHUAZ,TINCO,F,
20802,ANCASH,CASMA,BUENA VISTA ALTA,F,
20804,ANCASH,CASMA,YAUTAN,F,
20902,ANCASH,CORONGO,ACO,F,
20904,ANCASH,CORONGO,CUSCA,F,
20906,ANCASH,CORONGO,YANAC,F,
21005,ANCASH,HUARI,HUACACHI,F,
21006,ANCASH,HUARI,HUACCHIS,F,
21007,ANCASH,HUARI,HUACHIS,F,
21008,ANCASH,HUARI,HUANTAR,F,
21009,ANCASH,HUARI,MASIN,F,
21013,ANCASH,HUARI,RAPAYAN,F,
21015,ANCASH,HUARI,SAN PEDRO DE CHANA,F,
21016,ANCASH,HUARI,UCO,F,
21103,ANCASH,HUARMEY,CULEBRAS,F,
21104,ANCASH,HUARMEY,HUAYAN,F,
21105,ANCASH,HUARMEY,MALVAS,F,
21202,ANCASH,HUAYLAS,HUALLANCA,F,
21205,ANCASH,HUAYLAS,MATO,F,
21402,ANCASH,OCROS,ACAS,F,
21409,ANCASH,OCROS,SAN PEDRO,F,
21503,ANCASH,PALLASCA,CONCHUCOS,F,
21504,ANCASH,PALLASCA,HUACASCHUQUE,F,
21505,ANCASH,PALLASCA,HUANDOVAL,F,
21506,ANCASH,PALLASCA,LACABAMBA,F,
21508,ANCASH,PALLASCA,PALLASCA,F,
21509,ANCASH,PALLASCA,PAMPAS,F,
21511,ANCASH,PALLASCA,TAUCA,F,
21702,ANCASH,RECUAY,CATAC,F,
21704,ANCASH,RECUAY,HUAYLLAPAMPA,F,
21707,ANCASH,RECUAY,PAMPAS CHICO,F,
21709,ANCASH,RECUAY,TAPACOCHA,F,
21710,ANCASH,RECUAY,TICAPAMPA,F,
21805,ANCASH,SANTA,MORO,F,
21902,ANCASH,SIHUAS,ACOBAMBA,F,
21903,ANCASH,SIHUAS,ALFONSO UGARTE,F,
21905,ANCASH,SIHUAS,CHINGALPO,F,
21910,ANCASH,SIHUAS,SICSIBAMBA,F,
22003,ANCASH,YUNGAY,MANCOS,F,
22006,ANCASH,YUNGAY,RANRAHIRCA,F,
30104,APURIMAC,ABANCAY,CURAHUASI,F,
30106,APURIMAC,ABANCAY,LAMBRAMA,F,
30203,APURIMAC,ANDAHUAYLAS,CHIARA,F,
30204,APURIMAC,ANDAHUAYLAS,HUANCARAMA,F,
30206,APURIMAC,ANDAHUAYLAS,HUAYANA,F,
30212,APURIMAC,ANDAHUAYLAS,SAN ANTONIO DE CACHI,F,
30214,APURIMAC,ANDAHUAYLAS,SAN MIGUEL DE CHACCRAMPA,F,
30215,APURIMAC,ANDAHUAYLAS,SANTA MARIA DE CHICMO,F,
30219,APURIMAC,ANDAHUAYLAS,KAQUIABAMBA,F,
30303,APURIMAC,ANTABAMBA,HUAQUIRCA,F,
30402,APURIMAC,AYMARAES,CAPAYA,F,
30404,APURIMAC,AYMARAES,CHAPIMARCA,F,
30405,APURIMAC,AYMARAES,COLCABAMBA,F,
30410,APURIMAC,AYMARAES,POCOHUANCA,F,
30412,APURIMAC,AYMARAES,SAÑAYCA,F,
30417,APURIMAC,AYMARAES,YANACA,F,
30502,APURIMAC,COTABAMBAS,COTABAMBAS,F,
30504,APURIMAC,COTABAMBAS,HAQUIRA,F,
30506,APURIMAC,COTABAMBAS,CHALLHUAHUACHO,F,
30604,APURIMAC,CHINCHEROS,HUACCANA,F,
30607,APURIMAC,CHINCHEROS,URANMARCA,F,
30610,APURIMAC,CHINCHEROS,EL PORVENIR,F,
30705,APURIMAC,GRAU,MAMARA,F,
30706,APURIMAC,GRAU,MICAELA BASTIDAS,F,
30707,APURIMAC,GRAU,PATAYPAMPA,F,
30708,APURIMAC,GRAU,PROGRESO,F,
30710,APURIMAC,GRAU,SANTA ROSA,F,
30714,APURIMAC,GRAU,CURASCO,F,
40113,AREQUIPA,AREQUIPA,POCSI,F,
40114,AREQUIPA,AREQUIPA,POLOBAYA,F,
40119,AREQUIPA,AREQUIPA,SAN JUAN DE TARUCANI,F,
40125,AREQUIPA,AREQUIPA,VITOR,F,
40308,AREQUIPA,CARAVELI,CHAPARRA,F,
40312,AREQUIPA,CARAVELI,QUICACHA,F,
40404,AREQUIPA,CASTILLA,CHACHAS,F,
40405,AREQUIPA,CASTILLA,CHILCAYMARCA,F,
40406,AREQUIPA,CASTILLA,CHOCO,F,
40408,AREQUIPA,CASTILLA,MACHAGUAY,F,
40412,AREQUIPA,CASTILLA,UÑON,F,
40413,AREQUIPA,CASTILLA,URACA,F,
40504,AREQUIPA,CAYLLOMA,CALLALLI,F,
40506,AREQUIPA,CAYLLOMA,COPORAQUE,F,
40507,AREQUIPA,CAYLLOMA,HUAMBO,F,
40508,AREQUIPA,CAYLLOMA,HUANCA,F,
40511,AREQUIPA,CAYLLOMA,LLUTA,F,
40514,AREQUIPA,CAYLLOMA,SAN ANTONIO DE CHUCA,F,
40517,AREQUIPA,CAYLLOMA,TISCO,F,
40604,AREQUIPA,CONDESUYOS,CHICHAS,F,
40605,AREQUIPA,CONDESUYOS,IRAY,F,
40606,AREQUIPA,CONDESUYOS,RIO GRANDE,F,
40607,AREQUIPA,CONDESUYOS,SALAMANCA,F,
40803,AREQUIPA,LA UNION,CHARCANA,F,
40804,AREQUIPA,LA UNION,HUAYNACOTAS,F,
40805,AREQUIPA,LA UNION,PAMPAMARCA,F,
40806,AREQUIPA,LA UNION,PUYCA,F,
40808,AREQUIPA,LA UNION,SAYLA,F,
40810,AREQUIPA,LA UNION,TOMEPAMPA,F,
40811,AREQUIPA,LA UNION,TORO,F,
50105,AYACUCHO,HUAMANGA,CHIARA,F,
50107,AYACUCHO,HUAMANGA,PACAYCASA,F,
50108,AYACUCHO,HUAMANGA,QUINUA,F,
50111,AYACUCHO,HUAMANGA,SANTIAGO DE PISCHA,F,
50202,AYACUCHO,CANGALLO,CHUSCHI,F,
50203,AYACUCHO,CANGALLO,LOS MOROCHUCOS,F,
50206,AYACUCHO,CANGALLO,TOTOS,F,
50303,AYACUCHO,HUANCA SANCOS,SACSAMARCA,F,
50304,AYACUCHO,HUANCA SANCOS,SANTIAGO DE LUCANAMARCA,F,
50402,AYACUCHO,HUANTA,AYAHUANCO,F,
50403,AYACUCHO,HUANTA,HUAMANGUILLA,F,
50405,AYACUCHO,HUANTA,LURICOCHA,F,
50407,AYACUCHO,HUANTA,SIVIA,F,
50408,AYACUCHO,HUANTA,LLOCHEGUA,F,
50409,AYACUCHO,HUANTA,CANAYRE,F,
50412,AYACUCHO,HUANTA,CHACA,F,
50508,AYACUCHO,LA MAR,TAMBO,F,
50509,AYACUCHO,LA MAR,SAMUGARI,F,
50605,AYACUCHO,LUCANAS,CHAVIÑA,F,
50606,AYACUCHO,LUCANAS,CHIPAO,F,
50608,AYACUCHO,LUCANAS,LARAMATE,F,
50609,AYACUCHO,LUCANAS,LEONCIO PRADO,F,
50610,AYACUCHO,LUCANAS,LLAUTA,F,
50611,AYACUCHO,LUCANAS,LUCANAS,F,
50612,AYACUCHO,LUCANAS,OCAÑA,F,
50614,AYACUCHO,LUCANAS,SAISA,F,
50615,AYACUCHO,LUCANAS,SAN CRISTOBAL,F,
50617,AYACUCHO,LUCANAS,SAN PEDRO,F,
50618,AYACUCHO,LUCANAS,SAN PEDRO DE PALCO,F,
50619,AYACUCHO,LUCANAS,SANCOS,F,
50704,AYACUCHO,PARINACOCHAS,PACAPAUSA,F,
50706,AYACUCHO,PARINACOCHAS,PUYUSCA,F,
50707,AYACUCHO,PARINACOCHAS,SAN FRANCISCO DE RAVACAYCO,F,
50802,AYACUCHO,PAUCAR DEL SARA SARA,COLTA,F,
50803,AYACUCHO,PAUCAR DEL SARA SARA,CORCULLA,F,
50806,AYACUCHO,PAUCAR DEL SARA SARA,OYOLO,F,
50807,AYACUCHO,PAUCAR DEL SARA SARA,PARARCA,F,
50809,AYACUCHO,PAUCAR DEL SARA SARA,SAN JOSE DE USHUA,F,
50903,AYACUCHO,SUCRE,CHALCOS,F,
50904,AYACUCHO,SUCRE,CHILCAYOC,F,
50908,AYACUCHO,SUCRE,SAN PEDRO DE LARCAY,F,
51007,AYACUCHO,VICTOR FAJARDO,COLCA,F,
51008,AYACUCHO,VICTOR FAJARDO,HUAMANQUIQUIA,F,
51103,AYACUCHO,VILCAS HUAMAN,CARHUANCA,F,
51105,AYACUCHO,VILCAS HUAMAN,HUAMBALPA,F,
51106,AYACUCHO,VILCAS HUAMAN,INDEPENDENCIA,F,
51108,AYACUCHO,VILCAS HUAMAN,VISCHONGO,F,
60305,CAJAMARCA,CELENDIN,JORGE CHAVEZ,F,
60411,CAJAMARCA,CHOTA,LLAMA,F,
60414,CAJAMARCA,CHOTA,PION,F,
60507,CAJAMARCA,CONTUMAZA,TANTARICA,F,
60508,CAJAMARCA,CONTUMAZA,YONAN,F,
60802,CAJAMARCA,JAEN,BELLAVISTA,F,
60808,CAJAMARCA,JAEN,PUCARA,F,
61003,CAJAMARCA,SAN MARCOS,EDUARDO VILLANUEVA,F,
61102,CAJAMARCA,SAN MIGUEL,BOLIVAR,F,
61309,CAJAMARCA,SANTA CRUZ,SEXI,F,
80103,CUSCO,CUSCO,POROY,F,
80107,CUSCO,CUSCO,SAYLLA,F,
80202,CUSCO,ACOMAYO,ACOPIA,F,
80203,CUSCO,ACOMAYO,ACOS,F,
80204,CUSCO,ACOMAYO,MOSOC LLACTA,F,
80205,CUSCO,ACOMAYO,POMACANCHI,F,
80206,CUSCO,ACOMAYO,RONDOCAN,F,
80302,CUSCO,ANTA,ANCAHUASI,F,
80303,CUSCO,ANTA,CACHIMAYO,F,
80305,CUSCO,ANTA,HUAROCONDO,F,
80307,CUSCO,ANTA,MOLLEPATA,F,
80308,CUSCO,ANTA,PUCYURA,F,
80309,CUSCO,ANTA,ZURITE,F,
80403,CUSCO,CALCA,LAMAY,F,
80404,CUSCO,CALCA,LARES,F,
80405,CUSCO,CALCA,PISAC,F,
80407,CUSCO,CALCA,TARAY,F,
80506,CUSCO,CANAS,PAMPAMARCA,F,
80602,CUSCO,CANCHIS,CHECACUPE,F,
80603,CUSCO,CANCHIS,COMBAPATA,F,
80605,CUSCO,CANCHIS,PITUMARCA,F,
80606,CUSCO,CANCHIS,SAN PABLO,F,
80607,CUSCO,CANCHIS,SAN PEDRO,F,
80608,CUSCO,CANCHIS,TINTA,F,
80708,CUSCO,CHUMBIVILCAS,VELILLE,F,
80802,CUSCO,ESPINAR,CONDOROMA,F,
80805,CUSCO,ESPINAR,PALLPATA,F,
80903,CUSCO,LA CONVENCION,HUAYOPATA,F,
80907,CUSCO,LA CONVENCION,QUIMBIRI,F,
80912,CUSCO,LA CONVENCION,VILLA VIRGEN,F,
81002,CUSCO,PARURO,ACCHA,F,
81005,CUSCO,PARURO,HUANOQUITE,F,
81007,CUSCO,PARURO,PACCARITAMBO,F,
81106,CUSCO,PAUCARTAMBO,KOSÑIPATA,F,
81207,CUSCO,QUISPICANCHIS,HUARO,F,
81302,CUSCO,URUBAMBA,CHINCHERO,F,
81303,CUSCO,URUBAMBA,HUAYLLABAMBA,F,
90106,HUANCAVELICA,HUANCAVELICA,HUACHOCOLPA,F,
90108,HUANCAVELICA,HUANCAVELICA,IZCUCHACA,F,
90109,HUANCAVELICA,HUANCAVELICA,LARIA,F,
90112,HUANCAVELICA,HUANCAVELICA,MOYA,F,
90115,HUANCAVELICA,HUANCAVELICA,PILCHACA,F,
90204,HUANCAVELICA,ACOBAMBA,CAJA,F,
90205,HUANCAVELICA,ACOBAMBA,MARCAS,F,
90206,HUANCAVELICA,ACOBAMBA,PAUCARA,F,
90207,HUANCAVELICA,ACOBAMBA,POMACOCHA,F,
90208,HUANCAVELICA,ACOBAMBA,ROSARIO,F,
90304,HUANCAVELICA,ANGARAES,CCOCHACCASA,F,
90307,HUANCAVELICA,ANGARAES,HUANCA-HUANCA,F,
90309,HUANCAVELICA,ANGARAES,JULCAMARCA,F,
90403,HUANCAVELICA,CASTROVIRREYNA,AURAHUA,F,
90408,HUANCAVELICA,CASTROVIRREYNA,HUAMATAMBO,F,
90412,HUANCAVELICA,CASTROVIRREYNA,TANTARA,F,
90413,HUANCAVELICA,CASTROVIRREYNA,TICRAPO,F,
90505,HUANCAVELICA,CHURCAMPA,LA MERCED,F,
90508,HUANCAVELICA,CHURCAMPA,SAN MIGUEL DE MAYOCC,F,
90509,HUANCAVELICA,CHURCAMPA,SAN PEDRO DE CORIS,F,
90602,HUANCAVELICA,HUAYTARA,AYAVI,F,
90604,HUANCAVELICA,HUAYTARA,HUAYACUNDO ARMA,F,
90608,HUANCAVELICA,HUAYTARA,QUERCO,F,
90614,HUANCAVELICA,HUAYTARA,SANTIAGO DE QUIRAHUARA,F,
90616,HUANCAVELICA,HUAYTARA,TAMBO,F,
90706,HUANCAVELICA,TAYACAJA,DANIEL HERNANDEZ,F,
90711,HUANCAVELICA,TAYACAJA,PAZOS,F,
90721,HUANCAVELICA,TAYACAJA,ROBLE,F,
90722,HUANCAVELICA,TAYACAJA,PICHOS,F,
90723,HUANCAVELICA,TAYACAJA,SANTIAGO DE TUCUMA,F,
100105,HUANUCO,HUANUCO,MARGOS,F,
100112,HUANUCO,HUANUCO,YACUS,F,
100202,HUANUCO,AMBO,CAYNA,F,
100206,HUANUCO,AMBO,SAN FRANCISCO,F,
100208,HUANUCO,AMBO,TOMAY KICHWA,F,
100307,HUANUCO,DOS DE MAYO,CHUQUIS,F,
100311,HUANUCO,DOS DE MAYO,MARIAS,F,
100313,HUANUCO,DOS DE MAYO,PACHAS,F,
100316,HUANUCO,DOS DE MAYO,QUIVILLA,F,
100317,HUANUCO,DOS DE MAYO,RIPAN,F,
100323,HUANUCO,DOS DE MAYO,YANAS,F,
100503,HUANUCO,HUAMALIES,CHAVIN DE PARIARCA,F,
100506,HUANUCO,HUAMALIES,MIRAFLORES,F,
100507,HUANUCO,HUAMALIES,MONZON,F,
100605,HUANUCO,LEONCIO PRADO,LUYANDO,F,
100702,HUANUCO,MARAÑON,CHOLON,F,
100704,HUANUCO,MARAÑON,LA MORADA,F,
100705,HUANUCO,MARAÑON,SANTA ROSA DE ALTO YANAJANCA,F,
100802,HUANUCO,PACHITEA,CHAGLLA,F,
100803,HUANUCO,PACHITEA,MOLINO,F,
101002,HUANUCO,LAURICOCHA,BAÑOS,F,
101006,HUANUCO,LAURICOCHA,SAN FRANCISCO DE ASIS,F,
101102,HUANUCO,YAROWILCA,CAHUAC,F,
110104,ICA,ICA,OCUCAJE,F,
110107,ICA,ICA,PUEBLO NUEVO,F,
110204,ICA,CHINCHA,CHINCHA BAJA,F,
110205,ICA,CHINCHA,EL CARMEN,F,
110302,ICA,NASCA,CHANGUILLO,F,
110303,ICA,NASCA,EL INGENIO,F,
110403,ICA,PALPA,RIO GRANDE,F,
110404,ICA,PALPA,SANTA CRUZ,F,
110405,ICA,PALPA,TIBILLO,F,
110503,ICA,PISCO,HUMAY,F,
110504,ICA,PISCO,INDEPENDENCIA,F,
120105,JUNIN,HUANCAYO,CHACAPAMPA,F,
120106,JUNIN,HUANCAYO,CHICCHE,F,
120108,JUNIN,HUANCAYO,CHONGOS ALTO,F,
120111,JUNIN,HUANCAYO,CHUPURO,F,
120112,JUNIN,HUANCAYO,COLCA,F,
120113,JUNIN,HUANCAYO,CULLHUAS,F,
120126,JUNIN,HUANCAYO,PUCARA,F,
120127,JUNIN,HUANCAYO,QUICHUAY,F,
120211,JUNIN,CONCEPCION,MITO,F,
120214,JUNIN,CONCEPCION,SAN JOSE DE QUERO,F,
120304,JUNIN,CHANCHAMAYO,SAN LUIS DE SHUARO,F,
120403,JUNIN,JAUJA,APATA,F,
120416,JUNIN,JAUJA,MASMA,F,
120422,JUNIN,JAUJA,PACA,F,
120424,JUNIN,JAUJA,PANCAN,F,
120426,JUNIN,JAUJA,POMACANCHA,F,
120427,JUNIN,JAUJA,RICRAN,F,
120431,JUNIN,JAUJA,SINCOS,F,
120503,JUNIN,JUNIN,ONDORES,F,
120604,JUNIN,SATIPO,MAZAMARI,F,
120702,JUNIN,TARMA,ACOBAMBA,F,
120703,JUNIN,TARMA,HUARICOLCA,F,
120704,JUNIN,TARMA,HUASAHUASI,F,
120706,JUNIN,TARMA,PALCA,F,
120707,JUNIN,TARMA,PALCAMAYO,F,
120802,JUNIN,YAULI,CHACAPALPA,F,
120804,JUNIN,YAULI,MARCAPOMACOCHA,F,
120807,JUNIN,YAULI,SANTA BARBARA DE CARHUACAYAN,F,
120809,JUNIN,YAULI,SUITUCANCHA,F,
120902,JUNIN,CHUPACA,AHUAC,F,
120904,JUNIN,CHUPACA,HUACHAC,F,
120906,JUNIN,CHUPACA,SAN JUAN DE YSCOS,F,
120907,JUNIN,CHUPACA,SAN JUAN DE JARPA,F,
130206,LA LIBERTAD,ASCOPE,RAZURI,F,
130304,LA LIBERTAD,BOLIVAR,LONGOTEA,F,
130305,LA LIBERTAD,BOLIVAR,UCHUMARCA,F,
130605,LA LIBERTAD,OTUZCO,HUARANCHAL,F,
130805,LA LIBERTAD,PATAZ,HUAYLILLAS,F,
130808,LA LIBERTAD,PATAZ,PARCOY,F,
130811,LA LIBERTAD,PATAZ,SANTIAGO DE CHALLAS,F,
131002,LA LIBERTAD,SANTIAGO DE CHUCO,ANGASMARCA,F,
131003,LA LIBERTAD,SANTIAGO DE CHUCO,CACHICADAN,F,
131004,LA LIBERTAD,SANTIAGO DE CHUCO,MOLLEBAMBA,F,
131006,LA LIBERTAD,SANTIAGO DE CHUCO,QUIRUVILCA,F,
140204,LAMBAYEQUE,FERREÑAFE,MANUEL ANTONIO MESONES MURO,F,
140205,LAMBAYEQUE,FERREÑAFE,PITIPO,F,
140303,LAMBAYEQUE,LAMBAYEQUE,ILLIMO,F,
140304,LAMBAYEQUE,LAMBAYEQUE,JAYANCA,F,
140305,LAMBAYEQUE,LAMBAYEQUE,MOCHUMI,F,
140307,LAMBAYEQUE,LAMBAYEQUE,MOTUPE,F,
140309,LAMBAYEQUE,LAMBAYEQUE,PACORA,F,
140312,LAMBAYEQUE,LAMBAYEQUE,TUCUME,F,
150304,LIMA,CAJATAMBO,HUANCAPON,F,
150305,LIMA,CAJATAMBO,MANAS,F,
150402,LIMA,CANTA,ARAHUAY,F,
150407,LIMA,CANTA,SANTA ROSA DE QUIVES,F,
150503,LIMA,CAÑETE,CALANGO,F,
150506,LIMA,CAÑETE,COAYLLO,F,
150511,LIMA,CAÑETE,PACARAN,F,
150516,LIMA,CAÑETE,ZUÑIGA,F,
150606,LIMA,HUARAL,IHUARI,F,
150610,LIMA,HUARAL,SANTA CRUZ DE ANDAMARCA,F,
150611,LIMA,HUARAL,SUMBILCA,F,
150705,LIMA,HUAROCHIRI,CHICLA,F,
150710,LIMA,HUAROCHIRI,LAHUAYTAMBO,F,
150711,LIMA,HUAROCHIRI,LANGA,F,
150715,LIMA,HUAROCHIRI,SAN ANDRES DE TUPICOCHA,F,
150717,LIMA,HUAROCHIRI,SAN BARTOLOME,F,
150732,LIMA,HUAROCHIRI,SURCO,F,
150804,LIMA,HUAURA,CHECRAS,F,
150808,LIMA,HUAURA,PACCHO,F,
150809,LIMA,HUAURA,SANTA LEONOR,F,
150811,LIMA,HUAURA,SAYAN,F,
150903,LIMA,OYON,CAUJUL,F,
151003,LIMA,YAUYOS,AYAUCA,F,
151006,LIMA,YAUYOS,CACRA,F,
151008,LIMA,YAUYOS,CATAHUASI,F,
151011,LIMA,YAUYOS,COLONIA,F,
151015,LIMA,YAUYOS,HUANGASCAR,F,
151016,LIMA,YAUYOS,HUANTAN,F,
151020,LIMA,YAUYOS,MADEAN,F,
151022,LIMA,YAUYOS,OMAS,F,
151024,LIMA,YAUYOS,QUINCHES,F,
151030,LIMA,YAUYOS,TOMAS,F,
151031,LIMA,YAUYOS,TUPE,F,
151032,LIMA,YAUYOS,VIÑAC,F,
160103,LORETO,MAYNAS,FERNANDO LORES,F,
160104,LORETO,MAYNAS,INDIANA,F,
160106,LORETO,MAYNAS,MAZAN,F,
160205,LORETO,ALTO AMAZONAS,JEBEROS,F,
160206,LORETO,ALTO AMAZONAS,LAGUNAS,F,
160211,LORETO,ALTO AMAZONAS,TENIENTE CESAR LOPEZ ROJAS,F,
160502,LORETO,REQUENA,ALTO TAPICHE,F,
160503,LORETO,REQUENA,CAPELO,F,
160504,LORETO,REQUENA,EMILIO SAN MARTIN,F,
160506,LORETO,REQUENA,PUINAHUA,F,
160509,LORETO,REQUENA,TAPICHE,F,
160511,LORETO,REQUENA,YAQUERANA,F,
160602,LORETO,UCAYALI,INAHUAYA,F,
160603,LORETO,UCAYALI,PADRE MARQUEZ,F,
160605,LORETO,UCAYALI,SARAYACU,F,
160704,LORETO,DATEM DEL MARAÑON,MORONA,F,
160705,LORETO,DATEM DEL MARAÑON,PASTAZA,F,
160802,LORETO,PUTUMAYO,ROSA PANDURO,F,
170102,MADRE DE DIOS,TAMBOPATA,INAMBARI,F,
170203,MADRE DE DIOS,MANU,MADRE DE DIOS,F,
170303,MADRE DE DIOS,TAHUAMANU,TAHUAMANU,F,
180102,MOQUEGUA,MARISCAL NIETO,CARUMAS,F,
180106,MOQUEGUA,MARISCAL NIETO,TORATA,F,
180202,MOQUEGUA,GENERAL SANCHEZ CERRO,CHOJATA,F,
180203,MOQUEGUA,GENERAL SANCHEZ CERRO,COALAQUE,F,
180207,MOQUEGUA,GENERAL SANCHEZ CERRO,MATALAQUE,F,
180209,MOQUEGUA,GENERAL SANCHEZ CERRO,QUINISTAQUILLAS,F,
180210,MOQUEGUA,GENERAL SANCHEZ CERRO,UBINAS,F,
180211,MOQUEGUA,GENERAL SANCHEZ CERRO,YUNGA,F,
190102,PASCO,PASCO,HUACHON,F,
190106,PASCO,PASCO,PALLANCHACRA,F,
190108,PASCO,PASCO,SAN FCO. DE ASIS DE YARUSYACAN,F,
190110,PASCO,PASCO,TICLACAYAN,F,
190208,PASCO,DANIEL A. CARRION,VILCABAMBA,F,
190302,PASCO,OXAPAMPA,CHONTABAMBA,F,
190303,PASCO,OXAPAMPA,HUANCABAMBA,F,
190306,PASCO,OXAPAMPA,PUERTO BERMUDEZ,F,
190308,PASCO,OXAPAMPA,CONSTITUCION,F,
200111,PIURA,PIURA,LAS LOMAS,F,
200209,PIURA,AYABACA,SICCHEZ,F,
200404,PIURA,MORROPON,LA MATANZA,F,
200407,PIURA,MORROPON,SAN JUAN DE BIGOTE,F,
200408,PIURA,MORROPON,SANTA CATALINA DE MOSSA,F,
200804,PIURA,SECHURA,CRISTO NOS VALGA,F,
210109,PUNO,PUNO,MAÑAZO,F,
210111,PUNO,PUNO,PICHACANI,F,
210207,PUNO,AZANGARO,JOSE DOMINGO CHOQUEHUANCA,F,
210209,PUNO,AZANGARO,POTONI,F,
210211,PUNO,AZANGARO,SAN ANTON,F,
210212,PUNO,AZANGARO,SAN JOSE,F,
210302,PUNO,CARABAYA,AJOYANI,F,
210304,PUNO,CARABAYA,COASA,F,
210305,PUNO,CARABAYA,CORANI,F,
210308,PUNO,CARABAYA,OLLACHEA,F,
210310,PUNO,CARABAYA,USICAYOS,F,
210402,PUNO,CHUCUITO,DESAGUADERO,F,
210602,PUNO,HUANCANE,COJATA,F,
210603,PUNO,HUANCANE,HUATASANI,F,
210706,PUNO,LAMPA,PALCA,F,
210707,PUNO,LAMPA,PARATIA,F,
210708,PUNO,LAMPA,PUCARA,F,
210710,PUNO,LAMPA,VILAVILA,F,
210802,PUNO,MELGAR,ANTAUTA,F,
210804,PUNO,MELGAR,LLALLI,F,
210805,PUNO,MELGAR,MACARI,F,
210806,PUNO,MELGAR,NUÑOA,F,
210808,PUNO,MELGAR,SANTA ROSA,F,
210903,PUNO,MOHO,HUAYRAPATA,F,
211004,PUNO,SAN ANTONIO DE PUTINA,QUILCAPUNCU,F,
211103,PUNO,SAN ROMAN,CABANILLAS,F,
211202,PUNO,SANDIA,CUYOCUYO,F,
211203,PUNO,SANDIA,LIMBANI,F,
211207,PUNO,SANDIA,SAN JUAN DEL ORO,F,
211208,PUNO,SANDIA,YANAHUAYA,F,
211304,PUNO,YUNGUYO,CUTURAPI,F,
211306,PUNO,YUNGUYO,TINICACHI,F,
211307,PUNO,YUNGUYO,UNICACHI,F,
220104,SAN MARTIN,MOYOBAMBA,JEPELACIO,F,
220202,SAN MARTIN,BELLAVISTA,ALTO BIAVO,F,
220204,SAN MARTIN,BELLAVISTA,HUALLAGA,F,
220302,SAN MARTIN,EL DORADO,AGUA BLANCA,F,
220305,SAN MARTIN,EL DORADO,SHATOJA,F,
220402,SAN MARTIN,HUALLAGA,ALTO SAPOSOA,F,
220403,SAN MARTIN,HUALLAGA,EL ESLABON,F,
220404,SAN MARTIN,HUALLAGA,PISCOYACU,F,
220405,SAN MARTIN,HUALLAGA,SACANCHE,F,
220502,SAN MARTIN,LAMAS,ALONSO DE ALVARADO,F,
220503,SAN MARTIN,LAMAS,BARRANQUITA,F,
220504,SAN MARTIN,LAMAS,CAYNARACHI,F,
220505,SAN MARTIN,LAMAS,CUÑUMBUQUI,F,
220507,SAN MARTIN,LAMAS,RUMISAPA,F,
220508,SAN MARTIN,LAMAS,SAN ROQUE DE CUMBAZA,F,
220509,SAN MARTIN,LAMAS,SHANAO,F,
220510,SAN MARTIN,LAMAS,TABALOSOS,F,
220511,SAN MARTIN,LAMAS,ZAPATERO,F,
220603,SAN MARTIN,MARISCAL CACERES,HUICUNGO,F,
220604,SAN MARTIN,MARISCAL CACERES,PACHIZA,F,
220702,SAN MARTIN,PICOTA,BUENOS AIRES,F,
220709,SAN MARTIN,PICOTA,TINGO DE PONASA,F,
220710,SAN MARTIN,PICOTA,TRES UNIDOS,F,
220802,SAN MARTIN,RIOJA,AWAJUN,F,
220805,SAN MARTIN,RIOJA,PARDO MIGUEL,F,
220807,SAN MARTIN,RIOJA,SAN FERNANDO,F,
220902,SAN MARTIN,SAN MARTIN,ALBERTO LEVEAU,F,
220904,SAN MARTIN,SAN MARTIN,CHAZUTA,F,
220907,SAN MARTIN,SAN MARTIN,HUIMBAYOC,F,
220911,SAN MARTIN,SAN MARTIN,PAPAPLAYA,F,
221002,SAN MARTIN,TOCACHE,NUEVO PROGRESO,F,
221005,SAN MARTIN,TOCACHE,UCHIZA,F,
230103,TACNA,TACNA,CALANA,F,
230105,TACNA,TACNA,INCLAN,F,
230106,TACNA,TACNA,PACHIA,F,
230303,TACNA,JORGE BASADRE,ITE,F,
230402,TACNA,TARATA,CHUCATAMANI,F,
240104,TUMBES,TUMBES,PAMPAS DE HOSPITAL,F,
240304,TUMBES,ZARUMILLA,PAPAYAL,F,
250102,UCAYALI,CORONEL PORTILLO,CAMPOVERDE,F,
250106,UCAYALI,CORONEL PORTILLO,NUEVA REQUENA,F,
250202,UCAYALI,ATALAYA,SEPAHUA,F,
250302,UCAYALI,PADRE ABAD,IRAZOLA,F,
250303,UCAYALI,PADRE ABAD,CURIMANA,F,
250304,UCAYALI,PADRE ABAD,NESHUYA,F,
10103,AMAZONAS,CHACHAPOYAS,BALSAS,G,
10105,AMAZONAS,CHACHAPOYAS,CHILIQUIN,G,
10106,AMAZONAS,CHACHAPOYAS,CHUQUIBAMBA,G,
10114,AMAZONAS,CHACHAPOYAS,MOLINOPAMPA,G,
10117,AMAZONAS,CHACHAPOYAS,QUINJALCA,G,
10120,AMAZONAS,CHACHAPOYAS,SOLOCO,G,
10202,AMAZONAS,BAGUA,ARAMANGO,G,
10205,AMAZONAS,BAGUA,IMAZA,G,
10304,AMAZONAS,BONGARA,COROSHA,G,
10308,AMAZONAS,BONGARA,RECTA,G,
10311,AMAZONAS,BONGARA,VALERA,G,
10402,AMAZONAS,CONDORCANQUI,EL CENEPA,G,
10403,AMAZONAS,CONDORCANQUI,RIO SANTIAGO,G,
10503,AMAZONAS,LUYA,COCABAMBA,G,
10507,AMAZONAS,LUYA,LONGUITA,G,
10513,AMAZONAS,LUYA,OCUMAL,G,
10514,AMAZONAS,LUYA,PISUQUIA,G,
10515,AMAZONAS,LUYA,PROVIDENCIA,G,
10518,AMAZONAS,LUYA,SAN JERONIMO,G,
10519,AMAZONAS,LUYA,SAN JUAN DE LOPECANCHA,G,
10520,AMAZONAS,LUYA,SANTA CATALINA,G,
10521,AMAZONAS,LUYA,SANTO TOMAS,G,
10602,AMAZONAS,RODRIGUEZ DE MENDOZA,CHIRIMOTO,G,
10604,AMAZONAS,RODRIGUEZ DE MENDOZA,HUAMBO,G,
10605,AMAZONAS,RODRIGUEZ DE MENDOZA,LIMABAMBA,G,
10609,AMAZONAS,RODRIGUEZ DE MENDOZA,OMIA,G,
10610,AMAZONAS,RODRIGUEZ DE MENDOZA,SANTA ROSA,G,
10611,AMAZONAS,RODRIGUEZ DE MENDOZA,TOTORA,G,
10612,AMAZONAS,RODRIGUEZ DE MENDOZA,VISTA ALEGRE,G,
10702,AMAZONAS,UTCUBAMBA,CAJARURO,G,
10705,AMAZONAS,UTCUBAMBA,JAMALCA,G,
10707,AMAZONAS,UTCUBAMBA,YAMON,G,
20102,ANCASH,HUARAZ,COCHABAMBA,G,
20104,ANCASH,HUARAZ,HUANCHAY,G,
20107,ANCASH,HUARAZ,LA LIBERTAD,G,
20109,ANCASH,HUARAZ,PAMPAS,G,
20110,ANCASH,HUARAZ,PARIACOTO,G,
20111,ANCASH,HUARAZ,PIRA,G,
20112,ANCASH,HUARAZ,TARICA,G,
20202,ANCASH,AIJA,CORIS,G,
20204,ANCASH,AIJA,LA MERCED,G,
20303,ANCASH,ANTONIO RAIMONDI,CHACCHO,G,
20305,ANCASH,ANTONIO RAIMONDI,MIRGAS,G,
20306,ANCASH,ANTONIO RAIMONDI,SAN JUAN DE RONTOY,G,
20402,ANCASH,ASUNCION,ACOCHACA,G,
20503,ANCASH,BOLOGNESI,ANTONIO RAYMONDI,G,
20510,ANCASH,BOLOGNESI,HUAYLLACAYAN,G,
20604,ANCASH,CARHUAZ,ANTA,G,
20605,ANCASH,CARHUAZ,ATAQUERO,G,
20608,ANCASH,CARHUAZ,SAN MIGUEL DE ACO,G,
20609,ANCASH,CARHUAZ,SHILLA,G,
20611,ANCASH,CARHUAZ,YUNGAR,G,
20702,ANCASH,CARLOS FERMIN FITZCARRALD,SAN NICOLAS,G,
20703,ANCASH,CARLOS FERMIN FITZCARRALD,YAUYA,G,
21002,ANCASH,HUARI,ANRA,G,
21003,ANCASH,HUARI,CAJAY,G,
21004,ANCASH,HUARI,CHAVIN DE HUANTAR,G,
21011,ANCASH,HUARI,PONTO,G,
21014,ANCASH,HUARI,SAN MARCOS,G,
21102,ANCASH,HUARMEY,COCHAPETI,G,
21203,ANCASH,HUAYLAS,HUATA,G,
21204,ANCASH,HUAYLAS,HUAYLAS,G,
21206,ANCASH,HUAYLAS,PAMPAROMAS,G,
21207,ANCASH,HUAYLAS,PUEBLO LIBRE,G,
21208,ANCASH,HUAYLAS,SANTA CRUZ,G,
21209,ANCASH,HUAYLAS,SANTO TORIBIO,G,
21210,ANCASH,HUAYLAS,YURACMARCA,G,
21302,ANCASH,MARISCAL LUZURIAGA,CASCA,G,
21303,ANCASH,MARISCAL LUZURIAGA,ELEAZAR GUZMAN BARRON,G,
21304,ANCASH,MARISCAL LUZURIAGA,FIDEL OLIVAS ESCUDERO,G,
21305,ANCASH,MARISCAL LUZURIAGA,LLAMA,G,
21306,ANCASH,MARISCAL LUZURIAGA,LLUMPA,G,
21307,ANCASH,MARISCAL LUZURIAGA,LUCMA,G,
21308,ANCASH,MARISCAL LUZURIAGA,MUSGA,G,
21405,ANCASH,OCROS,COCHAS,G,
21502,ANCASH,PALLASCA,BOLOGNESI,G,
21510,ANCASH,PALLASCA,SANTA ROSA,G,
21602,ANCASH,POMABAMBA,HUAYLLAN,G,
21603,ANCASH,POMABAMBA,PAROBAMBA,G,
21604,ANCASH,POMABAMBA,QUINUABAMBA,G,
21708,ANCASH,RECUAY,PARARIN,G,
21802,ANCASH,SANTA,CACERES DEL PERU,G,
21804,ANCASH,SANTA,MACATE,G,
21904,ANCASH,SIHUAS,CASHAPAMPA,G,
21906,ANCASH,SIHUAS,HUAYLLABAMBA,G,
21907,ANCASH,SIHUAS,QUICHES,G,
21908,ANCASH,SIHUAS,RAGASH,G,
21909,ANCASH,SIHUAS,SAN JUAN,G,
22002,ANCASH,YUNGAY,CASCAPARA,G,
22004,ANCASH,YUNGAY,MATACOTO,G,
22005,ANCASH,YUNGAY,QUILLO,G,
22007,ANCASH,YUNGAY,SHUPLUY,G,
22008,ANCASH,YUNGAY,YANAMA,G,
30103,APURIMAC,ABANCAY,CIRCA,G,
30105,APURIMAC,ABANCAY,HUANIPACA,G,
30107,APURIMAC,ABANCAY,PICHIRHUA,G,
30108,APURIMAC,ABANCAY,SAN PEDRO DE CACHORA,G,
30202,APURIMAC,ANDAHUAYLAS,ANDARAPA,G,
30205,APURIMAC,ANDAHUAYLAS,HUANCARAY,G,
30207,APURIMAC,ANDAHUAYLAS,KISHUARA,G,
30208,APURIMAC,ANDAHUAYLAS,PACOBAMBA,G,
30209,APURIMAC,ANDAHUAYLAS,PACUCHA,G,
30210,APURIMAC,ANDAHUAYLAS,PAMPACHIRI,G,
30217,APURIMAC,ANDAHUAYLAS,TUMAY HUARACA,G,
30218,APURIMAC,ANDAHUAYLAS,TURPO,G,
30406,APURIMAC,AYMARAES,COTARUSE,G,
30407,APURIMAC,AYMARAES,IHUAYLLO,G,
30408,APURIMAC,AYMARAES,JUSTO APU SAHUARAURA,G,
30409,APURIMAC,AYMARAES,LUCRE,G,
30413,APURIMAC,AYMARAES,SORAYA,G,
30414,APURIMAC,AYMARAES,TAPAIRIHUA,G,
30415,APURIMAC,AYMARAES,TINTAY,G,
30416,APURIMAC,AYMARAES,TORAYA,G,
30503,APURIMAC,COTABAMBAS,COYLLURQUI,G,
30505,APURIMAC,COTABAMBAS,MARA,G,
30603,APURIMAC,CHINCHEROS,COCHARCAS,G,
30605,APURIMAC,CHINCHEROS,OCOBAMBA,G,
30606,APURIMAC,CHINCHEROS,ONGOY,G,
30608,APURIMAC,CHINCHEROS,RANRACANCHA,G,
30609,APURIMAC,CHINCHEROS,ROCCHACC,G,
30611,APURIMAC,CHINCHEROS,LOS CHANKAS,G,
30612,APURIMAC,CHINCHEROS,AHUAYRO,G,
30702,APURIMAC,GRAU,CURPAHUASI,G,
30703,APURIMAC,GRAU,GAMARRA,G,
30704,APURIMAC,GRAU,HUAYLLATI,G,
40120,AREQUIPA,AREQUIPA,SANTA ISABEL DE SIGUAS,G,
40203,AREQUIPA,CAMANA,MARIANO NICOLAS VALCARCEL,G,
40207,AREQUIPA,CAMANA,QUILCA,G,
40304,AREQUIPA,CARAVELI,ATIQUIPA,G,
40306,AREQUIPA,CARAVELI,CAHUACHO,G,
40309,AREQUIPA,CARAVELI,HUANUHUANU,G,
40411,AREQUIPA,CASTILLA,TIPAN,G,
40516,AREQUIPA,CAYLLOMA,TAPAY,G,
40602,AREQUIPA,CONDESUYOS,ANDARAY,G,
40603,AREQUIPA,CONDESUYOS,CAYARANI,G,
40608,AREQUIPA,CONDESUYOS,YANAQUIHUA,G,
40807,AREQUIPA,LA UNION,QUECHUALLA,G,
50102,AYACUCHO,HUAMANGA,ACOCRO,G,
50103,AYACUCHO,HUAMANGA,ACOS VINCHOS,G,
50106,AYACUCHO,HUAMANGA,OCROS,G,
50109,AYACUCHO,HUAMANGA,SAN JOSE DE TICLLAS,G,
50112,AYACUCHO,HUAMANGA,SOCOS,G,
50113,AYACUCHO,HUAMANGA,TAMBILLO,G,
50114,AYACUCHO,HUAMANGA,VINCHOS,G,
50204,AYACUCHO,CANGALLO,MARIA PARADO DE BELLIDO,G,
50205,AYACUCHO,CANGALLO,PARAS,G,
50404,AYACUCHO,HUANTA,IGUAIN,G,
50406,AYACUCHO,HUANTA,SANTILLANA,G,
50410,AYACUCHO,HUANTA,UCHURACCAY,G,
50411,AYACUCHO,HUANTA,PUCACOLPA,G,
50413,AYACUCHO,HUANTA,PUTIS,G,
50502,AYACUCHO,LA MAR,ANCO,G,
50504,AYACUCHO,LA MAR,CHILCAS,G,
50505,AYACUCHO,LA MAR,CHUNGUI,G,
50506,AYACUCHO,LA MAR,LUIS CARRANZA,G,
50510,AYACUCHO,LA MAR,ANCHIHUAY,G,
50511,AYACUCHO,LA MAR,ORONCCOY,G,
50512,AYACUCHO,LA MAR,UNION PROGRESO,G,
50513,AYACUCHO,LA MAR,RIO MAGDALENA,G,
50514,AYACUCHO,LA MAR,NINABAMBA,G,
50515,AYACUCHO,LA MAR,PATIBAMBA,G,
50607,AYACUCHO,LUCANAS,HUAC-HUAS,G,
50613,AYACUCHO,LUCANAS,OTOCA,G,
50703,AYACUCHO,PARINACOCHAS,CORONEL CASTAÑEDA,G,
50708,AYACUCHO,PARINACOCHAS,UPAHUACHO,G,
50808,AYACUCHO,PAUCAR DEL SARA SARA,SAN JAVIER DE ALPABAMBA,G,
50909,AYACUCHO,SUCRE,SAN SALVADOR DE QUIJE,G,
51004,AYACUCHO,VICTOR FAJARDO,ASQUIPATA,G,
51012,AYACUCHO,VICTOR FAJARDO,VILCANCHOS,G,
51104,AYACUCHO,VILCAS HUAMAN,CONCEPCION,G,
51107,AYACUCHO,VILCAS HUAMAN,SAURAMA,G,
60102,CAJAMARCA,CAJAMARCA,ASUNCION,G,
60103,CAJAMARCA,CAJAMARCA,CHETILLA,G,
60104,CAJAMARCA,CAJAMARCA,COSPAN,G,
60105,CAJAMARCA,CAJAMARCA,ENCAÑADA,G,
60106,CAJAMARCA,CAJAMARCA,JESUS,G,
60107,CAJAMARCA,CAJAMARCA,LLACANORA,G,
60109,CAJAMARCA,CAJAMARCA,MAGDALENA,G,
60110,CAJAMARCA,CAJAMARCA,MATARA,G,
60111,CAJAMARCA,CAJAMARCA,NAMORA,G,
60112,CAJAMARCA,CAJAMARCA,SAN JUAN,G,
60202,CAJAMARCA,CAJABAMBA,CACHACHI,G,
60203,CAJAMARCA,CAJABAMBA,CONDEBAMBA,G,
60204,CAJAMARCA,CAJABAMBA,SITACOCHA,G,
60302,CAJAMARCA,CELENDIN,CHUMUCH,G,
60303,CAJAMARCA,CELENDIN,CORTEGANA,G,
60304,CAJAMARCA,CELENDIN,HUASMIN,G,
60306,CAJAMARCA,CELENDIN,JOSE GALVEZ,G,
60307,CAJAMARCA,CELENDIN,MIGUEL IGLESIAS,G,
60308,CAJAMARCA,CELENDIN,OXAMARCA,G,
60309,CAJAMARCA,CELENDIN,SOROCHUCO,G,
60310,CAJAMARCA,CELENDIN,SUCRE,G,
60311,CAJAMARCA,CELENDIN,UTCO,G,
60312,CAJAMARCA,CELENDIN,LA LIBERTAD DE PALLAN,G,
60402,CAJAMARCA,CHOTA,ANGUIA,G,
60403,CAJAMARCA,CHOTA,CHADIN,G,
60404,CAJAMARCA,CHOTA,CHIGUIRIP,G,
60405,CAJAMARCA,CHOTA,CHIMBAN,G,
60406,CAJAMARCA,CHOTA,CHOROPAMPA,G,
60407,CAJAMARCA,CHOTA,COCHABAMBA,G,
60408,CAJAMARCA,CHOTA,CONCHAN,G,
60409,CAJAMARCA,CHOTA,HUAMBOS,G,
60410,CAJAMARCA,CHOTA,LAJAS,G,
60412,CAJAMARCA,CHOTA,MIRACOSTA,G,
60413,CAJAMARCA,CHOTA,PACCHA,G,
60415,CAJAMARCA,CHOTA,QUEROCOTO,G,
60416,CAJAMARCA,CHOTA,SAN JUAN DE LICUPIS,G,
60417,CAJAMARCA,CHOTA,TACABAMBA,G,
60418,CAJAMARCA,CHOTA,TOCMOCHE,G,
60419,CAJAMARCA,CHOTA,CHALAMARCA,G,
60503,CAJAMARCA,CONTUMAZA,CUPISNIQUE,G,
60504,CAJAMARCA,CONTUMAZA,GUZMANGO,G,
60505,CAJAMARCA,CONTUMAZA,SAN BENITO,G,
60506,CAJAMARCA,CONTUMAZA,SANTA CRUZ DE TOLEDO,G,
60602,CAJAMARCA,CUTERVO,CALLAYUC,G,
60603,CAJAMARCA,CUTERVO,CHOROS,G,
60604,CAJAMARCA,CUTERVO,CUJILLO,G,
60605,CAJAMARCA,CUTERVO,LA RAMADA,G,
60606,CAJAMARCA,CUTERVO,PIMPINGOS,G,
60607,CAJAMARCA,CUTERVO,QUEROCOTILLO,G,
60608,CAJAMARCA,CUTERVO,SAN ANDRES DE CUTERVO,G,
60609,CAJAMARCA,CUTERVO,SAN JUAN DE CUTERVO,G,
60610,CAJAMARCA,CUTERVO,SAN LUIS DE LUCMA,G,
60611,CAJAMARCA,CUTERVO,SANTA CRUZ,G,
60612,CAJAMARCA,CUTERVO,SANTO DOMINGO DE LA CAPILLA,G,
60613,CAJAMARCA,CUTERVO,SANTO TOMAS,G,
60614,CAJAMARCA,CUTERVO,SOCOTA,G,
60615,CAJAMARCA,CUTERVO,TORIBIO CASANOVA,G,
60702,CAJAMARCA,HUALGAYOC,CHUGUR,G,
60703,CAJAMARCA,HUALGAYOC,HUALGAYOC,G,
60803,CAJAMARCA,JAEN,CHONTALI,G,
60804,CAJAMARCA,JAEN,COLASAY,G,
60805,CAJAMARCA,JAEN,HUABAL,G,
60806,CAJAMARCA,JAEN,LAS PIRIAS,G,
60807,CAJAMARCA,JAEN,POMAHUACA,G,
60809,CAJAMARCA,JAEN,SALLIQUE,G,
60810,CAJAMARCA,JAEN,SAN FELIPE,G,
60811,CAJAMARCA,JAEN,SAN JOSE DEL ALTO,G,
60812,CAJAMARCA,JAEN,SANTA ROSA,G,
60902,CAJAMARCA,SAN IGNACIO,CHIRINOS,G,
60903,CAJAMARCA,SAN IGNACIO,HUARANGO,G,
60904,CAJAMARCA,SAN IGNACIO,LA COIPA,G,
60905,CAJAMARCA,SAN IGNACIO,NAMBALLE,G,
60906,CAJAMARCA,SAN IGNACIO,SAN JOSE DE LOURDES,G,
60907,CAJAMARCA,SAN IGNACIO,TABACONAS,G,
61002,CAJAMARCA,SAN MARCOS,CHANCAY,G,
61004,CAJAMARCA,SAN MARCOS,GREGORIO PITA,G,
61005,CAJAMARCA,SAN MARCOS,ICHOCAN,G,
61006,CAJAMARCA,SAN MARCOS,JOSE MANUEL QUIROZ,G,
61007,CAJAMARCA,SAN MARCOS,JOSE SABOGAL,G,
61103,CAJAMARCA,SAN MIGUEL,CALQUIS,G,
61104,CAJAMARCA,SAN MIGUEL,CATILLUC,G,
61105,CAJAMARCA,SAN MIGUEL,EL PRADO,G,
61106,CAJAMARCA,SAN MIGUEL,LA FLORIDA,G,
61107,CAJAMARCA,SAN MIGUEL,LLAPA,G,
61108,CAJAMARCA,SAN MIGUEL,NANCHOC,G,
61109,CAJAMARCA,SAN MIGUEL,NIEPOS,G,
61110,CAJAMARCA,SAN MIGUEL,SAN GREGORIO,G,
61111,CAJAMARCA,SAN MIGUEL,SAN SILVESTRE DE COCHAN,G,
61112,CAJAMARCA,SAN MIGUEL,TONGOD,G,
61113,CAJAMARCA,SAN MIGUEL,UNION AGUA BLANCA,G,
61202,CAJAMARCA,SAN PABLO,SAN BERNARDINO,G,
61203,CAJAMARCA,SAN PABLO,SAN LUIS,G,
61204,CAJAMARCA,SAN PABLO,TUMBADEN,G,
61302,CAJAMARCA,SANTA CRUZ,ANDABAMBA,G,
61303,CAJAMARCA,SANTA CRUZ,CATACHE,G,
61304,CAJAMARCA,SANTA CRUZ,CHANCAYBAÑOS,G,
61305,CAJAMARCA,SANTA CRUZ,LA ESPERANZA,G,
61306,CAJAMARCA,SANTA CRUZ,NINABAMBA,G,
61307,CAJAMARCA,SANTA CRUZ,PULAN,G,
61308,CAJAMARCA,SANTA CRUZ,SAUCEPAMPA,G,
61310,CAJAMARCA,SANTA CRUZ,UTICYACU,G,
61311,CAJAMARCA,SANTA CRUZ,YAUYUCAN,G,
80102,CUSCO,CUSCO,CCORCA,G,
80304,CUSCO,ANTA,CHINCHAYPUJIO,G,
80306,CUSCO,ANTA,LIMATAMBO,G,
80406,CUSCO,CALCA,SAN SALVADOR,G,
80408,CUSCO,CALCA,YANATILE,G,
80502,CUSCO,CANAS,CHECCA,G,
80503,CUSCO,CANAS,KUNTURKANKI,G,
80504,CUSCO,CANAS,LANGUI,G,
80505,CUSCO,CANAS,LAYO,G,
80507,CUSCO,CANAS,QUEHUE,G,
80508,CUSCO,CANAS,TUPAC AMARU,G,
80604,CUSCO,CANCHIS,MARANGANI,G,
80702,CUSCO,CHUMBIVILCAS,CAPACMARCA,G,
80703,CUSCO,CHUMBIVILCAS,CHAMACA,G,
80704,CUSCO,CHUMBIVILCAS,COLQUEMARCA,G,
80705,CUSCO,CHUMBIVILCAS,LIVITACA,G,
80706,CUSCO,CHUMBIVILCAS,LLUSCO,G,
80707,CUSCO,CHUMBIVILCAS,QUIÑOTA,G,
80803,CUSCO,ESPINAR,COPORAQUE,G,
80804,CUSCO,ESPINAR,OCORURO,G,
80806,CUSCO,ESPINAR,PICHIGUA,G,
80807,CUSCO,ESPINAR,SUYCKUTAMBO,G,
80808,CUSCO,ESPINAR,ALTO PICHIGUA,G,
80902,CUSCO,LA CONVENCION,ECHARATE,G,
80904,CUSCO,LA CONVENCION,MARANURA,G,
80905,CUSCO,LA CONVENCION,OCOBAMBA,G,
80906,CUSCO,LA CONVENCION,QUELLOUNO,G,
80908,CUSCO,LA CONVENCION,SANTA TERESA,G,
80909,CUSCO,LA CONVENCION,VILCABAMBA,G,
80911,CUSCO,LA CONVENCION,INKAWASI,G,
80913,CUSCO,LA CONVENCION,VILLA KINTIARINA,G,
80914,CUSCO,LA CONVENCION,MEGANTONI,G,
80915,CUSCO,LA CONVENCION,KUMPIRUSHIATO,G,
80916,CUSCO,LA CONVENCION,CIELO PUNCO,G,
80917,CUSCO,LA CONVENCION,MANITEA,G,
80918,CUSCO,LA CONVENCION,UNIÓN ASHÁNINKA,G,
81003,CUSCO,PARURO,CCAPI,G,
81006,CUSCO,PARURO,OMACHA,G,
81009,CUSCO,PARURO,YAURISQUE,G,
81102,CUSCO,PAUCARTAMBO,CAICAY,G,
81103,CUSCO,PAUCARTAMBO,CHALLABAMBA,G,
81104,CUSCO,PAUCARTAMBO,COLQUEPATA,G,
81105,CUSCO,PAUCARTAMBO,HUANCARANI,G,
81204,CUSCO,QUISPICANCHIS,CCARHUAYO,G,
81205,CUSCO,QUISPICANCHIS,CCATCA,G,
81206,CUSCO,QUISPICANCHIS,CUSIPATA,G,
81209,CUSCO,QUISPICANCHIS,MARCAPATA,G,
81210,CUSCO,QUISPICANCHIS,OCONGATE,G,
81212,CUSCO,QUISPICANCHIS,QUIQUIJANA,G,
81305,CUSCO,URUBAMBA,MARAS,G,
81306,CUSCO,URUBAMBA,OLLANTAYTAMBO,G,
90102,HUANCAVELICA,HUANCAVELICA,ACOBAMBILLA,G,
90103,HUANCAVELICA,HUANCAVELICA,ACORIA,G,
90105,HUANCAVELICA,HUANCAVELICA,CUENCA,G,
90110,HUANCAVELICA,HUANCAVELICA,MANTA,G,
90113,HUANCAVELICA,HUANCAVELICA,NUEVO OCCORO,G,
90114,HUANCAVELICA,HUANCAVELICA,PALCA,G,
90116,HUANCAVELICA,HUANCAVELICA,VILCA,G,
90117,HUANCAVELICA,HUANCAVELICA,YAULI,G,
90119,HUANCAVELICA,HUANCAVELICA,HUANDO,G,
90202,HUANCAVELICA,ACOBAMBA,ANDABAMBA,G,
90203,HUANCAVELICA,ACOBAMBA,ANTA,G,
90302,HUANCAVELICA,ANGARAES,ANCHONGA,G,
90305,HUANCAVELICA,ANGARAES,CHINCHO,G,
90306,HUANCAVELICA,ANGARAES,CONGALLA,G,
90310,HUANCAVELICA,ANGARAES,SAN ANTONIO DE ANTAPARCO,G,
90311,HUANCAVELICA,ANGARAES,SANTO TOMAS DE PATA,G,
90312,HUANCAVELICA,ANGARAES,SECCLLA,G,
90402,HUANCAVELICA,CASTROVIRREYNA,ARMA,G,
90404,HUANCAVELICA,CASTROVIRREYNA,CAPILLAS,G,
90405,HUANCAVELICA,CASTROVIRREYNA,CHUPAMARCA,G,
90406,HUANCAVELICA,CASTROVIRREYNA,COCAS,G,
90407,HUANCAVELICA,CASTROVIRREYNA,HUACHOS,G,
90409,HUANCAVELICA,CASTROVIRREYNA,MOLLEPAMPA,G,
90410,HUANCAVELICA,CASTROVIRREYNA,SAN JUAN,G,
90411,HUANCAVELICA,CASTROVIRREYNA,SANTA ANA,G,
90502,HUANCAVELICA,CHURCAMPA,ANCO,G,
90503,HUANCAVELICA,CHURCAMPA,CHINCHIHUASI,G,
90504,HUANCAVELICA,CHURCAMPA,EL CARMEN,G,
90506,HUANCAVELICA,CHURCAMPA,LOCROJA,G,
90507,HUANCAVELICA,CHURCAMPA,PAUCARBAMBA,G,
90510,HUANCAVELICA,CHURCAMPA,PACHAMARCA,G,
90511,HUANCAVELICA,CHURCAMPA,COSME,G,
90603,HUANCAVELICA,HUAYTARA,CORDOVA,G,
90606,HUANCAVELICA,HUAYTARA,OCOYO,G,
90607,HUANCAVELICA,HUAYTARA,PILPICHACA,G,
90609,HUANCAVELICA,HUAYTARA,QUITO-ARMA,G,
90610,HUANCAVELICA,HUAYTARA,SAN ANTONIO DE CUSICANCHA,G,
90611,HUANCAVELICA,HUAYTARA,SAN FRANCISCO DE SANGAYAICO,G,
90612,HUANCAVELICA,HUAYTARA,SAN ISIDRO,G,
90613,HUANCAVELICA,HUAYTARA,SANTIAGO DE CHOCORVOS,G,
90615,HUANCAVELICA,HUAYTARA,SANTO DOMINGO DE CAPILLAS,G,
90702,HUANCAVELICA,TAYACAJA,ACOSTAMBO,G,
90703,HUANCAVELICA,TAYACAJA,ACRAQUIA,G,
90704,HUANCAVELICA,TAYACAJA,AHUAYCHA,G,
90705,HUANCAVELICA,TAYACAJA,COLCABAMBA,G,
90707,HUANCAVELICA,TAYACAJA,HUACHOCOLPA,G,
90709,HUANCAVELICA,TAYACAJA,HUARIBAMBA,G,
90714,HUANCAVELICA,TAYACAJA,SALCABAMBA,G,
90715,HUANCAVELICA,TAYACAJA,SALCAHUASI,G,
90716,HUANCAVELICA,TAYACAJA,SAN MARCOS DE ROCCHAC,G,
90717,HUANCAVELICA,TAYACAJA,SURCUBAMBA,G,
90718,HUANCAVELICA,TAYACAJA,TINTAY PUNCU,G,
90719,HUANCAVELICA,TAYACAJA,QUICHUAS,G,
90720,HUANCAVELICA,TAYACAJA,ANDAYMARCA,G,
90724,HUANCAVELICA,TAYACAJA,LAMBRAS,G,
90725,HUANCAVELICA,TAYACAJA,COCHABAMBA,G,
100103,HUANUCO,HUANUCO,CHINCHAO,G,
100104,HUANUCO,HUANUCO,CHURUBAMBA,G,
100106,HUANUCO,HUANUCO,QUISQUI,G,
100107,HUANUCO,HUANUCO,SAN FRANCISCO DE CAYRAN,G,
100108,HUANUCO,HUANUCO,SAN PEDRO DE CHAULAN,G,
100109,HUANUCO,HUANUCO,SANTA MARIA DEL VALLE,G,
100110,HUANUCO,HUANUCO,YARUMAYO,G,
100113,HUANUCO,HUANUCO,SAN PABLO DE PILLAO,G,
100203,HUANUCO,AMBO,COLPAS,G,
100204,HUANUCO,AMBO,CONCHAMARCA,G,
100205,HUANUCO,AMBO,HUACAR,G,
100207,HUANUCO,AMBO,SAN RAFAEL,G,
100321,HUANUCO,DOS DE MAYO,SHUNQUI,G,
100322,HUANUCO,DOS DE MAYO,SILLAPATA,G,
100402,HUANUCO,HUACAYBAMBA,CANCHABAMBA,G,
100403,HUANUCO,HUACAYBAMBA,COCHABAMBA,G,
100404,HUANUCO,HUACAYBAMBA,PINRA,G,
100502,HUANUCO,HUAMALIES,ARANCAY,G,
100504,HUANUCO,HUAMALIES,JACAS GRANDE,G,
100505,HUANUCO,HUAMALIES,JIRCAN,G,
100509,HUANUCO,HUAMALIES,PUÑOS,G,
100510,HUANUCO,HUAMALIES,SINGA,G,
100511,HUANUCO,HUAMALIES,TANTAMAYO,G,
100602,HUANUCO,LEONCIO PRADO,DANIEL ALOMIAS ROBLES,G,
100603,HUANUCO,LEONCIO PRADO,HERMILIO VALDIZAN,G,
100607,HUANUCO,LEONCIO PRADO,PUCAYACU,G,
100609,HUANUCO,LEONCIO PRADO,PUEBLO NUEVO,G,
100610,HUANUCO,LEONCIO PRADO,SANTO DOMINGO DE ANDA,G,
100703,HUANUCO,MARAÑON,SAN BUENAVENTURA,G,
100804,HUANUCO,PACHITEA,UMARI,G,
100902,HUANUCO,PUERTO INCA,CODO DEL POZUZO,G,
100903,HUANUCO,PUERTO INCA,HONORIA,G,
100904,HUANUCO,PUERTO INCA,TOURNAVISTA,G,
100905,HUANUCO,PUERTO INCA,YUYAPICHIS,G,
101003,HUANUCO,LAURICOCHA,JIVIA,G,
101005,HUANUCO,LAURICOCHA,RONDOS,G,
101007,HUANUCO,LAURICOCHA,SAN MIGUEL DE CAURI,G,
101103,HUANUCO,YAROWILCA,CHACABAMBA,G,
101104,HUANUCO,YAROWILCA,APARICIO POMARES,G,
101105,HUANUCO,YAROWILCA,JACAS CHICO,G,
101106,HUANUCO,YAROWILCA,OBAS,G,
101107,HUANUCO,YAROWILCA,PAMPAMARCA,G,
101108,HUANUCO,YAROWILCA,CHORAS,G,
110114,ICA,ICA,YAUCA DEL ROSARIO,G,
110203,ICA,CHINCHA,CHAVIN,G,
110208,ICA,CHINCHA,SAN JUAN DE YANAC,G,
110209,ICA,CHINCHA,SAN PEDRO DE HUACARPANA,G,
110502,ICA,PISCO,HUANCANO,G,
120124,JUNIN,HUANCAYO,PARIAHUANCA,G,
120135,JUNIN,HUANCAYO,SANTO DOMINGO DE ACOBAMBA,G,
120203,JUNIN,CONCEPCION,ANDAMARCA,G,
120204,JUNIN,CONCEPCION,CHAMBARA,G,
120205,JUNIN,CONCEPCION,COCHAS,G,
120206,JUNIN,CONCEPCION,COMAS,G,
120207,JUNIN,CONCEPCION,HEROINAS TOLEDO,G,
120209,JUNIN,CONCEPCION,MARISCAL CASTILLA,G,
120306,JUNIN,CHANCHAMAYO,VITOC,G,
120406,JUNIN,JAUJA,CURICACA,G,
120411,JUNIN,JAUJA,JANJAILLO,G,
120417,JUNIN,JAUJA,MASMA CHICCHE,G,
120419,JUNIN,JAUJA,MONOBAMBA,G,
120423,JUNIN,JAUJA,PACCHA,G,
120504,JUNIN,JUNIN,ULCUMAYO,G,
120602,JUNIN,SATIPO,COVIRIALI,G,
120603,JUNIN,SATIPO,LLAYLLA,G,
120605,JUNIN,SATIPO,PAMPA HERMOSA,G,
120607,JUNIN,SATIPO,RIO NEGRO,G,
120608,JUNIN,SATIPO,RIO TAMBO,G,
120609,JUNIN,SATIPO,VIZCATÁN DEL ENE,G,
120709,JUNIN,TARMA,TAPO,G,
120909,JUNIN,CHUPACA,YANACANCHA,G,
130108,LA LIBERTAD,TRUJILLO,POROTO,G,
130110,LA LIBERTAD,TRUJILLO,SIMBAL,G,
130112,LA LIBERTAD,TRUJILLO,ALTO TRUJILLO,G,
130302,LA LIBERTAD,BOLIVAR,BAMBAMARCA,G,
130303,LA LIBERTAD,BOLIVAR,CONDORMARCA,G,
130502,LA LIBERTAD,JULCAN,CALAMARCA,G,
130503,LA LIBERTAD,JULCAN,CARABAMBA,G,
130504,LA LIBERTAD,JULCAN,HUASO,G,
130602,LA LIBERTAD,OTUZCO,AGALLPAMPA,G,
130604,LA LIBERTAD,OTUZCO,CHARAT,G,
130606,LA LIBERTAD,OTUZCO,LA CUESTA,G,
130608,LA LIBERTAD,OTUZCO,MACHE,G,
130610,LA LIBERTAD,OTUZCO,PARANDAY,G,
130611,LA LIBERTAD,OTUZCO,SALPO,G,
130613,LA LIBERTAD,OTUZCO,SINSICAP,G,
130614,LA LIBERTAD,OTUZCO,USQUIL,G,
130802,LA LIBERTAD,PATAZ,BULDIBUYO,G,
130803,LA LIBERTAD,PATAZ,CHILLIA,G,
130804,LA LIBERTAD,PATAZ,HUANCASPATA,G,
130806,LA LIBERTAD,PATAZ,HUAYO,G,
130807,LA LIBERTAD,PATAZ,ONGON,G,
130809,LA LIBERTAD,PATAZ,PATAZ,G,
130810,LA LIBERTAD,PATAZ,PIAS,G,
130812,LA LIBERTAD,PATAZ,TAURIJA,G,
130813,LA LIBERTAD,PATAZ,URPAY,G,
130902,LA LIBERTAD,SANCHEZ CARRION,CHUGAY,G,
130903,LA LIBERTAD,SANCHEZ CARRION,COCHORCO,G,
130904,LA LIBERTAD,SANCHEZ CARRION,CURGOS,G,
130905,LA LIBERTAD,SANCHEZ CARRION,MARCABAL,G,
130906,LA LIBERTAD,SANCHEZ CARRION,SANAGORAN,G,
130907,LA LIBERTAD,SANCHEZ CARRION,SARIN,G,
130908,LA LIBERTAD,SANCHEZ CARRION,SARTIMBAMBA,G,
131005,LA LIBERTAD,SANTIAGO DE CHUCO,MOLLEPATA,G,
131007,LA LIBERTAD,SANTIAGO DE CHUCO,SANTA CRUZ DE CHUCA,G,
131008,LA LIBERTAD,SANTIAGO DE CHUCO,SITABAMBA,G,
131102,LA LIBERTAD,GRAN CHIMU,LUCMA,G,
131103,LA LIBERTAD,GRAN CHIMU,MARMOT,G,
131104,LA LIBERTAD,GRAN CHIMU,SAYAPULLO,G,
140202,LAMBAYEQUE,FERREÑAFE,CAÑARIS,G,
140203,LAMBAYEQUE,FERREÑAFE,INCAHUASI,G,
140302,LAMBAYEQUE,LAMBAYEQUE,CHOCHOPE,G,
140306,LAMBAYEQUE,LAMBAYEQUE,MORROPE,G,
140308,LAMBAYEQUE,LAMBAYEQUE,OLMOS,G,
140310,LAMBAYEQUE,LAMBAYEQUE,SALAS,G,
150303,LIMA,CAJATAMBO,GORGOR,G,
150702,LIMA,HUAROCHIRI,ANTIOQUIA,G,
150706,LIMA,HUAROCHIRI,CUENCA,G,
150713,LIMA,HUAROCHIRI,MARIATANA,G,
150716,LIMA,HUAROCHIRI,SAN ANTONIO,G,
150723,LIMA,HUAROCHIRI,SAN MATEO DE OTAO,G,
150726,LIMA,HUAROCHIRI,SANGALLAYA,G,
150731,LIMA,HUAROCHIRI,SANTO DOMINGO DE LOS OLLEROS,G,
150802,LIMA,HUAURA,AMBAR,G,
150807,LIMA,HUAURA,LEONCIO PRADO,G,
150904,LIMA,OYON,COCHAMARCA,G,
150905,LIMA,OYON,NAVAN,G,
151002,LIMA,YAUYOS,ALIS,G,
151005,LIMA,YAUYOS,AZANGARO,G,
151009,LIMA,YAUYOS,CHOCOS,G,
151019,LIMA,YAUYOS,LINCHA,G,
160102,LORETO,MAYNAS,ALTO NANAY,G,
160105,LORETO,MAYNAS,LAS AMAZONAS,G,
160107,LORETO,MAYNAS,NAPO,G,
160110,LORETO,MAYNAS,TORRES CAUSANA,G,
160202,LORETO,ALTO AMAZONAS,BALSAPUERTO,G,
160210,LORETO,ALTO AMAZONAS,SANTA CRUZ,G,
160302,LORETO,LORETO,PARINARI,G,
160303,LORETO,LORETO,TIGRE,G,
160304,LORETO,LORETO,TROMPETEROS,G,
160305,LORETO,LORETO,URARINAS,G,
160402,LORETO,MARISCAL RAMON CASTILLA,PEBAS,G,
160403,LORETO,MARISCAL RAMON CASTILLA,YAVARI,G,
160404,LORETO,MARISCAL RAMON CASTILLA,SAN PABLO,G,
160505,LORETO,REQUENA,MAQUIA,G,
160507,LORETO,REQUENA,SAQUENA,G,
160508,LORETO,REQUENA,SOPLIN,G,
160604,LORETO,UCAYALI,PAMPA HERMOSA,G,
160702,LORETO,DATEM DEL MARAÑON,CAHUAPANAS,G,
160703,LORETO,DATEM DEL MARAÑON,MANSERICHE,G,
160706,LORETO,DATEM DEL MARAÑON,ANDOAS,G,
160803,LORETO,PUTUMAYO,TENIENTE MANUEL CLAVERO,G,
160804,LORETO,PUTUMAYO,YAGUAS,G,
170202,MADRE DE DIOS,MANU,FITZCARRALD,G,
180107,MOQUEGUA,MARISCAL NIETO,SAN ANTONIO,G,
180204,MOQUEGUA,GENERAL SANCHEZ CERRO,ICHUÑA,G,
180205,MOQUEGUA,GENERAL SANCHEZ CERRO,LA CAPILLA,G,
190206,PASCO,DANIEL A. CARRION,SANTA ANA DE TUSI,G,
190304,PASCO,OXAPAMPA,PALCAZU,G,
190305,PASCO,OXAPAMPA,POZUZO,G,
200202,PIURA,AYABACA,FRIAS,G,
200203,PIURA,AYABACA,JILILI,G,
200204,PIURA,AYABACA,LAGUNAS,G,
200205,PIURA,AYABACA,MONTERO,G,
200206,PIURA,AYABACA,PACAIPAMPA,G,
200207,PIURA,AYABACA,PAIMAS,G,
200208,PIURA,AYABACA,SAPILLICA,G,
200210,PIURA,AYABACA,SUYO,G,
200302,PIURA,HUANCABAMBA,CANCHAQUE,G,
200303,PIURA,HUANCABAMBA,EL CARMEN DE LA FRONTERA,G,
200304,PIURA,HUANCABAMBA,HUARMACA,G,
200305,PIURA,HUANCABAMBA,LALAQUIZ,G,
200306,PIURA,HUANCABAMBA,SAN MIGUEL DE EL FAIQUE,G,
200307,PIURA,HUANCABAMBA,SONDOR,G,
200308,PIURA,HUANCABAMBA,SONDORILLO,G,
200403,PIURA,MORROPON,CHALACO,G,
200409,PIURA,MORROPON,SANTO DOMINGO,G,
200410,PIURA,MORROPON,YAMANGO,G,
200604,PIURA,SULLANA,LANCONES,G,
210102,PUNO,PUNO,ACORA,G,
210103,PUNO,PUNO,AMANTANI,G,
210104,PUNO,PUNO,ATUNCOLLA,G,
210105,PUNO,PUNO,CAPACHICA,G,
210106,PUNO,PUNO,CHUCUITO,G,
210107,PUNO,PUNO,COATA,G,
210108,PUNO,PUNO,HUATA,G,
210110,PUNO,PUNO,PAUCARCOLLA,G,
210112,PUNO,PUNO,PLATERIA,G,
210113,PUNO,PUNO,SAN ANTONIO,G,
210114,PUNO,PUNO,TIQUILLACA,G,
210115,PUNO,PUNO,VILQUE,G,
210202,PUNO,AZANGARO,ACHAYA,G,
210203,PUNO,AZANGARO,ARAPA,G,
210204,PUNO,AZANGARO,ASILLO,G,
210205,PUNO,AZANGARO,CAMINACA,G,
210206,PUNO,AZANGARO,CHUPA,G,
210208,PUNO,AZANGARO,MUÑANI,G,
210210,PUNO,AZANGARO,SAMAN,G,
210213,PUNO,AZANGARO,SAN JUAN DE SALINAS,G,
210214,PUNO,AZANGARO,SANTIAGO DE PUPUJA,G,
210215,PUNO,AZANGARO,TIRAPATA,G,
210303,PUNO,CARABAYA,AYAPATA,G,
210307,PUNO,CARABAYA,ITUATA,G,
210309,PUNO,CARABAYA,SAN GABAN,G,
210403,PUNO,CHUCUITO,HUACULLANI,G,
210404,PUNO,CHUCUITO,KELLUYO,G,
210405,PUNO,CHUCUITO,PISACOMA,G,
210406,PUNO,CHUCUITO,POMATA,G,
210407,PUNO,CHUCUITO,ZEPITA,G,
210502,PUNO,EL COLLAO,CAPASO,G,
210503,PUNO,EL COLLAO,PILCUYO,G,
210504,PUNO,EL COLLAO,SANTA ROSA,G,
210505,PUNO,EL COLLAO,CONDURIRI,G,
210604,PUNO,HUANCANE,INCHUPALLA,G,
210605,PUNO,HUANCANE,PUSI,G,
210606,PUNO,HUANCANE,ROSASPATA,G,
210607,PUNO,HUANCANE,TARACO,G,
210608,PUNO,HUANCANE,VILQUE CHICO,G,
210702,PUNO,LAMPA,CABANILLA,G,
210703,PUNO,LAMPA,CALAPUJA,G,
210704,PUNO,LAMPA,NICASIO,G,
210705,PUNO,LAMPA,OCUVIRI,G,
210803,PUNO,MELGAR,CUPI,G,
210807,PUNO,MELGAR,ORURILLO,G,
210809,PUNO,MELGAR,UMACHIRI,G,
210902,PUNO,MOHO,CONIMA,G,
210904,PUNO,MOHO,TILALI,G,
211003,PUNO,SAN ANTONIO DE PUTINA,PEDRO VILCA APAZA,G,
211005,PUNO,SAN ANTONIO DE PUTINA,SINA,G,
211102,PUNO,SAN ROMAN,CABANA,G,
211104,PUNO,SAN ROMAN,CARACOTO,G,
211204,PUNO,SANDIA,PATAMBUCO,G,
211205,PUNO,SANDIA,PHARA,G,
211206,PUNO,SANDIA,QUIACA,G,
211209,PUNO,SANDIA,ALTO INAMBARI,G,
211210,PUNO,SANDIA,SAN PEDRO DE PUTINA PUNCO,G,
211303,PUNO,YUNGUYO,COPANI,G,
211305,PUNO,YUNGUYO,OLLARAYA,G,
220203,SAN MARTIN,BELLAVISTA,BAJO BIAVO,G,
220303,SAN MARTIN,EL DORADO,SAN MARTIN,G,
220304,SAN MARTIN,EL DORADO,SANTA ROSA,G,
220506,SAN MARTIN,LAMAS,PINTO RECODO,G,
220602,SAN MARTIN,MARISCAL CACERES,CAMPANILLA,G,
220605,SAN MARTIN,MARISCAL CACERES,PAJARILLO,G,
220708,SAN MARTIN,PICOTA,SHAMBOYACU,G,
221003,SAN MARTIN,TOCACHE,POLVORA,G,
221004,SAN MARTIN,TOCACHE,SHUNTE,G,
221006,SAN MARTIN,TOCACHE,SANTA LUCIA,G,
230107,TACNA,TACNA,PALCA,G,
230111,TACNA,TACNA,LA YARADA LOS PALOS,G,
240202,TUMBES,CONTRALMIRANTE VILLAR,CASITAS,G,
250103,UCAYALI,CORONEL PORTILLO,IPARIA,G,
250104,UCAYALI,CORONEL PORTILLO,MASISEA,G,
250203,UCAYALI,ATALAYA,TAHUANIA,G,
250204,UCAYALI,ATALAYA,YURUA,G,
250306,UCAYALI,PADRE ABAD,HUIPOCA,G,
250307,UCAYALI,PADRE ABAD,BOQUERON,G,
